Data Series,Total All Markets,  America,    Antigua And Barbuda,    Argentina,    Bahamas,    Bermuda,    Brazil,    Canada,    Chile,    Colombia,    Costa Rica,    Cuba,    Dominican Rep,    Ecuador,    El Salvador,    Guatemala,    Guyana,    Honduras,    Jamaica,    Mexico,    Netherlands Antilles,    Panama,    Paraguay,    Peru,    Puerto Rico,    St. Vincent And The Grenadines,    Trinidad And Tobago,    United States,    United States Virgin Islands,    Uruguay,    Venezuela,    Other Markets America,  Asia,    Afghanistan,    Bahrain,    Bangladesh,    Brunei,    Cambodia,    China,    Christmas Island,    Hong Kong,    India,    Indonesia,    Iran,    Iraq,    Israel,    Japan,    Jordan,    Kazakhstan,"    Korea, Dem Peo Rep Of","    Korea, Rep Of",    Kuwait,    Lao,    Lebanon,    Macao,    Malaysia,    Maldives,    Mongolia,    Myanmar,    Nepal,    Oman,    Pakistan,    Philippines,    Qatar,    Saudi Arabia,    Sri Lanka,    Syria,    Taiwan,    Thailand,    Turkiye,    United Arab Emirates,    Viet Nam,    Yemen,    Other Markets Asia,  Europe,    Austria,    Belarus,    Belgium,    Bulgaria,    Croatia,    Cyprus,    Czech Rep,    Denmark,    Estonia,    Finland,    France,    Germany,    Greece,    Hungary,    Ireland,    Italy,    Latvia,    Lithuania,    Luxembourg,    Malta,    Netherlands,    Norway,    Poland,    Portugal,    Romania,    Russia,    Slovakia,    Slovenia,    Spain,    Svalbard And Jan Mayen Islands,    Sweden,    Switzerland,    Ukraine,    United Kingdom,    Other Markets Europe,  Oceania,    Antarctica,    Australia,    Fiji,    French Polynesia,    Guam,    Marshall Islands,    New Caledonia,    New Zealand,    Northern Mariana Islands,    Papua New Guinea,    Samoa,    Solomon Islands,    Vanuatu,    Other Markets Oceania,  Africa,    Algeria,    Angola,    Benin,    Cameroon,    Cape Verde,    Comoros,"    Congo, Dem Rep Of",    Cote D'ivoire,    Djibouti,    Egypt,    Ethiopia,    Gabon,    Ghana,    Guinea,    Kenya,    Liberia,    Libya,    Madagascar,    Mauritius,    Morocco,    Mozambique,    Nigeria,    Reunion,    Seychelles,    Sierra Leone,    Somalia,    South Africa,    Sudan,    Swaziland,    Tanzania,    Tunisia,    Zambia,    Zimbabwe,    Other Markets Africa
2025 Jan,54746.4,6923.3,0,4,0,0,870.2,267.5,12.6,17.6,40,0.6,5.7,15.2,1.2,0.2,0.3,0.9,0.1,267.6,0,0.3,0.3,9.4,15.9,0,1.3,5388.6,0,2.7,0,0.8,39520.8,0,86,16.3,205.5,87.8,6801.2,0,696,1098.7,1765.7,1.6,201.9,64,2600.1,2.9,12.8,0,3775,100.3,7.9,0.3,0.3,6445.1,0.1,0,4.3,0.3,140.6,58.6,539.6,507.1,658.1,10,0,10152.7,1139.7,96.2,1340.2,794,0,109.7,6931.2,91.3,3.1,191.5,5.1,1.9,3.1,126.9,134.6,29.6,41,1248.2,902.9,21.3,45.4,327,636,1.4,7.8,3.4,10.9,294.2,78.1,80,32.3,31.3,494.8,10.6,8.5,113.3,0,132.8,725.1,3.2,1086.5,8.1,666.1,0,574.5,0.6,0,0,0,0,80.3,0,10.1,0,0,0,0.4,705.1,0,68.5,0,36.6,0.3,0,20.2,5.5,0.8,82.8,8.2,0,18.2,0,1.6,0,0,2.8,0.6,18.5,14.4,118.9,0,0.1,0,0,103.5,0,0.1,1.8,12,18.8,1.5,169.1
2024 Dec,56135.9,7873.7,0,12.5,8.1,0,586.8,212.7,5.7,19.4,72.5,0.8,6.1,8.8,2.5,0.3,0,0.5,0.1,263.7,0,0.3,0.7,8.1,10.2,0,0.1,6651.8,0,0.7,0,1.4,39721.8,0,81.4,18.1,94.7,50.1,7168,0,769.2,857,2006.9,4,459.2,76.6,2790.1,5.4,7.6,0,3675.7,152.5,6,0.2,0.4,6569.9,3.9,0,5.5,0.1,41.4,17.3,654.4,507.5,838.9,11.2,0,8847.7,1421.6,67,1659.5,781.2,0.1,71.5,7373.9,77.4,0.3,134.9,8.3,2.6,2.4,133.3,77.4,5.6,49.1,1355.9,1108.3,43.7,56.7,449.3,633.1,2,9.3,3,71,331.4,53.7,71.6,41,19.8,367.1,11.5,7.2,179.5,0,172.8,702.6,14.1,1166.6,11.6,751.8,0,671.1,0.4,2.5,0,0,0.4,60,0,15.5,0,0.1,0.1,1.7,414.7,19.7,0,0,15,0,0,5.5,9.3,0,3.5,4.8,0,12.8,0,1.3,0,0,2.2,1,23.9,89,72.3,0,0.1,0,0,40.1,0,0.4,22.8,11.2,0.2,0.1,79.4
2024 Nov,51802.1,7879.6,0,116.2,0,0,942.4,221.6,8,9.2,70.2,1.3,5.9,7.7,1.2,0.3,0.1,0.3,0,426.6,0,0.1,0.4,18.3,9.8,0,49.6,5988.7,0,0.9,0,0.7,35194.8,0,2.1,16.6,93.7,120.3,6841.2,0,442.4,909.9,1940.8,2.3,164.8,69.5,2879.8,4.9,26.9,0,2793.8,223.6,1.1,0.6,1,5778.2,3.6,0,8.7,0.5,39.1,6.4,496,441.7,973.2,12.9,0,7360,1228.3,41,1538.8,717.1,0.3,13.6,7666.3,104.5,3.3,132.9,10.2,2.2,5.4,100.8,105.5,26.4,29.9,1549.4,1070.4,12,59.9,494,671.4,1.9,11.7,3.2,13.4,274.5,66.6,75.8,34.5,24.8,432.5,12.1,9.3,351.7,0,123.9,684.6,11.4,1146.9,9.2,404.5,0,338.7,0.2,0,0,0,0,55.7,0,9,0,0,0,0.9,656.9,47.6,152.9,0,7.2,0,0,1.5,12.4,0.5,37.5,11.8,0,24.7,0,1.3,0,0,2,0.9,15.9,59.8,17.2,0,0,0.2,0,51.2,0,0,4.1,12,23.6,1.2,171.4
2024 Oct,51415.6,8077.6,0,4.1,0,0,639.9,323.8,7.1,2.4,58,0.8,7.4,9.7,1.4,1.3,0.3,1,0.1,897.9,0,0.3,0.4,14.6,9.7,0,0,6092.8,0,2,0.1,2.3,34284.1,0,115.9,15.4,94.7,15,6070.1,0,386.8,989.6,1973.1,1,203.8,83.2,2943.2,4,0,0,3000.3,55.7,0.7,0.3,1.9,5574,0.5,0.1,7,0.8,66.4,56.5,462.4,551.2,881.1,9.4,0,6976.4,1517.2,50.2,1371.3,803.6,0,1.3,7204.6,100.8,1.2,208,4.6,2.7,1.6,114.2,51.1,4.1,35.9,1393.9,1103.5,13.3,48.3,199.9,644.9,3.8,10.8,1.4,14.4,537.3,54.4,83.3,33.3,31,535.5,8.4,6.6,124.2,0,131.2,743.8,7,940.7,9.6,1097.3,0,1002.6,0.3,0,1,0,0.5,64.9,0,27.7,0,0,0,0.3,751.9,117.5,0.5,0,16.5,0.2,0.3,2.9,18.9,0.5,1.7,29.7,0,14,0,0.8,0,0,0.5,0.7,15.3,130.6,183.7,0.2,0.1,0,0,88.1,42.4,0,0.5,12,0,1.4,72.8
2024 Sep,49068.4,9112,0,8.1,0,0,786.6,236.5,2.3,3.3,50.1,1,7.4,3.7,1.5,0.9,0.1,0.3,0.1,1486.9,0,43.7,0.7,1.8,7.4,0,1.9,6449.3,0,17.4,0,1,31828.7,0,23,27.3,83.9,26.6,5716.2,0.1,476.6,774.4,1650.2,0,133.3,90.1,2381.9,2.2,0.7,0,3041.7,2.4,0.5,0.3,0.1,5462,0.1,0.2,10.3,0.6,37.1,19,458,460.4,507.6,8.7,0,7195.8,1250.2,98.4,1193.1,694.4,0.3,1.2,6825.8,104.3,6.2,101,4.4,3.2,1.5,228.1,66.1,31.9,46.7,1325.7,1081.3,134.6,59.6,502.2,603.3,2.1,10.1,4.2,28.8,270.6,42.7,78.9,32.5,26.4,186.2,10.6,7.3,153.5,0,147.8,571.3,3.2,942.5,6.9,566.9,0,449.6,0.8,0.2,0.1,0,0.1,97.6,0,17.8,0.1,0,0,0.6,735,0,217.8,0,11.1,0,1.2,0.1,12.4,0,24.8,6.3,0,6,0,0.6,0,0,2.6,0.4,19.6,141.7,160,3.5,0,0,0,44.7,0,0.1,1.2,7.1,0.2,1.9,71.4
2024 Aug,49949,8581.4,0,7.2,0,0,550.6,224.4,5,5.7,59.9,0.5,7.8,8.7,1.5,1.1,0.2,0.3,0.1,394.2,0,0.4,0.2,2.6,8.8,0,41.8,7258.3,0,0.9,0.2,0.9,32760.4,0.1,53.6,21.1,107.5,76,6249.9,0,379.7,1047.1,1826.1,0.2,145.7,85.8,2377.9,5.9,0,0,2950.2,51.9,0.7,0.2,0.6,5234.6,0.4,0,6.4,0.2,94.5,44,451.9,515.8,443.7,7.7,0,6813.1,1202.7,65.5,1622,876.3,0,1,7162.9,89.6,2,120.1,5.6,1.6,4.4,136,54.3,30.8,42.6,1293.5,1163.3,96.1,48,302.6,597.7,1.8,11.2,2.8,114.8,263.6,72.6,88.2,39.6,24.9,638.2,12.1,5.3,307.4,0,118.3,555.4,2.1,905.9,10.7,1003.6,0,909.9,0.1,0.1,0,0,0.1,71.2,0.5,20.8,0,0,0,0.9,440.6,17.6,0,0,7.3,0,0,3.1,11.1,0.3,2.6,6.6,0.2,6.9,0,0.8,0,0,1,0.4,18.4,59.9,132.5,0,0.3,0,0,45.1,0,1.9,1.5,11.8,0.6,1.2,109.6
2024 Jul,52965.2,8462,0,6.6,0,0.1,1555.9,244.2,11.3,2.7,67.2,0.9,9.6,10.7,1.5,3.9,0.3,0.5,0.1,313.7,0,0.3,0.8,2.2,9.5,0,5.6,6190.1,0,22.9,0.1,1.5,34850.8,0,143.7,11.8,95.9,79.6,6713.5,0,240.5,1168.8,1658.9,0.3,123.4,90.3,2616.3,10.1,0,0,3390.7,185.5,1.9,0.2,0.4,6082.4,0,0,8.1,0.9,159.1,68.2,439.5,777.5,541.1,11.7,0,6654,1251.3,52.8,1507,763.8,0,1.5,7791,110.9,1.5,127.3,8.5,11.9,3,139.3,78.4,39.2,58.8,1646.6,1169.1,58,52,108.1,640.7,1.3,6.4,1.6,22.2,414.6,58.1,74.7,95.5,22.7,340.9,18.7,7.6,232.3,0,174.1,698,3.8,1352.2,12.9,1328.6,0,1233.4,0.2,0,0,0,0,65.9,0,28.4,0,0,0,0.6,532.8,0,226.8,0,9.7,0.1,0,5.4,25.7,0.2,4.4,12.2,0,18.3,0,0.3,0,0,2.6,1,20,8.2,77.7,3.5,0,0.2,0,41,47.5,0.3,0.3,7.8,0.3,1.6,17.7
2024 Jun,48845.9,7611.1,0,17.2,0,0,522.9,240.4,19.2,2.5,55,0.8,6.8,70.1,1.5,2.2,1.2,0.4,0.1,333.2,0,0.9,0.2,2.2,11.8,0,2.2,6316.9,0,0.5,0,3.1,33001.5,0.1,96.5,16.6,152.4,25.8,6111,0.1,201.3,989,1605.1,0.1,54,81.1,2095.7,2,0,0,3022.2,127.2,0.7,0,0.7,5278.6,13,0,9.1,0.3,61.4,14.9,431.1,813.9,884.8,10.5,0,7476.2,1214.4,46.6,1487.4,653.9,0.2,23.4,6634.3,126.7,1.4,101.6,4,1.8,2,119.1,216.4,2.9,36,1327,1049.9,54.2,53,183.3,538.4,2.6,11.5,2.4,18.9,271,58.6,74.6,34.8,24.2,372.6,10.7,6.8,185.3,0,174.9,685.8,2.6,867.3,12,1167.5,0,1066.1,0.2,0.2,0,0,0,92.5,0,8,0,0,0,0.5,431.4,0,0,0.1,19.6,0,0,5.7,15.8,0.2,4.5,3.1,0,12.2,0,0.9,0.2,45.5,2.8,0.8,22.1,109.4,13.2,0.3,0.7,0,0,54,0,0.1,0.3,5.9,32.6,1,80.4
2024 May,52681.4,8388,0,13.9,0,0,1205.4,321.4,12.8,13.2,60.4,2.4,8,4.8,1.7,1.1,0.7,0.8,0.3,311.8,0,0.1,0.3,2,9.8,0,2.5,6411.2,0,0.8,0.1,2.4,34545,0,1.4,18.1,240.6,21.2,6416.5,0.1,678.4,1169.4,1794.9,0.1,0,71.3,2523.8,7.1,0,0,3117.1,218.1,1.6,0.1,1.1,6504.4,0,0.1,5.2,0.2,87.2,42.6,435.8,544.5,764.9,8.8,0,6345.3,1233.3,62.9,1453.3,683.9,0.2,91.4,7970.1,99.8,1,133.6,66.3,7.9,3.3,98.9,45.9,47.9,42.6,1441.8,1138.3,9.4,72.6,128,613.6,1.3,9.6,4.3,20.7,489.6,120.8,73.9,63.5,35.2,491.2,8.5,8.1,307.2,0,152.8,1049.5,1.6,1172.1,9.5,1171.9,0,1010.5,0.3,0.2,0.1,0,0,85.4,0,74.2,0,0,0,1.2,606.5,0,0,0,16.4,0,0.3,2.3,12.6,0,3.2,1.5,0,6.1,0,0.8,0,0,3.4,1.3,27.3,48.3,60.4,0,0,0.1,0,265.2,0,0.1,5.7,32.1,0.9,0.4,117.9
2024 Apr,52901,8971.9,0,18.3,19.8,0,734,731.1,5.1,59.6,64.3,1,5.6,3.8,2.3,2.6,0,0.5,0,328,0,0.1,0.2,1.6,8.7,0,0.5,6970,0.1,13.4,0,1,34399.6,0,44.6,25,210.9,101.2,6909.9,0.1,184.7,941.7,1466,0.1,255.7,85.6,2264.1,3.1,0,0,3089.1,78.7,0.6,0.3,0.3,5915.8,0.1,0,21.6,0.5,91.5,6.3,456,927.3,850.5,11.6,0,7089,1379.3,99.7,1106.3,772.8,0,9.6,7531.1,104.6,3.8,111.6,4.2,3.2,2.6,97.6,52.8,7,35.6,1510.9,1063.1,23.3,49.8,107.8,569.5,1.9,6.5,3.1,22.1,251.6,142,198,38.5,18.6,677.1,9.8,7.6,141.6,0,137.2,921.5,2.1,1193.5,11.1,1164.3,0,968.5,0.3,0.4,0,0,0,62,0,132.2,0,0,0,1,834,0.1,148.9,0,14.6,0,0,1.6,7.3,0.1,3.5,5.1,0,4.2,0.2,0.3,0,0,1.7,0.7,14.6,97.4,6.4,0.3,0,0.1,0,358.6,0,2.8,4.3,5.7,0.3,4.5,150.5
2024 Mar,51339.9,7279.1,0,42.4,0,1,574.8,261.1,8,15.1,42,1.2,6.8,6.2,2.3,3,84.1,0.7,0.1,353.7,0,0.2,0.2,7.2,26.9,0,2.1,5838,0,0.7,0,1.4,34701.7,0,43.7,31.6,130.5,12.9,6149.3,0,427.5,845.7,1896.9,0.4,158.4,83.5,2461.6,1.7,84.7,0,3269.5,113.4,1.8,0.1,0.7,5374.5,0.1,0,6.9,0.4,79.3,10.2,513.1,491.1,750.8,15.2,0,8310.6,1185.4,47.7,1561.7,603.4,0,37.5,7720,98.7,2.5,214.2,4,2.1,137.2,100,57.4,22.6,40.6,1363.2,1115.9,67.8,49.6,157.2,626.9,1.1,16,3.3,25.6,319.8,54.6,70.1,39,23.7,551.3,9.7,5.2,219.6,0,140.5,1145.6,3.1,1022,9.8,1199.6,0,1107.2,0.2,0.1,0,0,0.1,71.2,0,20.6,0,0,0,0.1,439.5,0,0,0,14.4,0,0.1,1,7.9,0,4.1,4.2,0,50.4,0.4,1.7,0,0,4.6,1,30.5,50.4,2.4,0.7,0,0.1,0,58.7,33.6,0.2,2.3,6.3,0.2,0,163.9
2024 Feb,45008.5,6398.3,0,45.1,0,0,715,248.1,23.4,0.8,39.6,0.3,3.9,2.8,1.7,0.7,0.3,0.4,0.1,266.9,0,0.1,0.1,33.7,9.3,0,46,4958.7,0,0.4,0,0.7,29498.2,0,120.8,15.4,257.4,18.3,4971.1,0,354.7,1025.7,1371.9,0.5,134.4,73.5,2154.5,4.7,0,0,2957.2,50.2,0.6,0.3,0.3,5084,0.1,0.1,3.5,0.5,175.7,5.9,435.1,525.3,812,25.2,0,5591.7,956.4,121.8,1675.5,550.6,0,23.2,7991.5,78,1.6,160.4,396.4,7.3,4.6,76.5,56.9,7,38.1,1629.5,967.5,12.8,40.5,128.7,538.3,1.3,8.9,2.4,36.3,422.5,61.2,56.2,38.4,33.9,671.5,8.8,6.1,139.7,0,113.8,1463.7,1.1,771.9,9.7,802.6,0,754.8,0.1,0.4,0,0,0,44.6,0,2.4,0,0,0,0.3,317.9,0,42.8,0,10.5,0.1,0,2.6,9.6,0,2.5,4.8,0,5.4,0,0.7,0,0,1.9,0.5,20.2,57.7,3.9,0.1,0,0,0,52.8,0,0.1,1,22.2,0.3,0.3,77.8
2024 Jan,49246.6,6711.7,0.2,35.6,0,0,506.8,480.8,13.1,1,47.3,1.5,7.9,7.2,2.5,1,0.2,0.4,0.2,279.8,0,0.2,0.5,15.1,8.6,0,42.2,5242.3,0,16,0.3,1.3,33019.8,0,1.1,18.3,195.9,18.6,6422.9,0,201.8,956.9,1747.6,0.2,150.1,87,2206.6,2.4,95.1,0,4087.8,44,4.9,0.1,0.5,5849.5,0.1,0.1,5.6,0.5,112.5,40.4,381.7,872.9,764.1,7.1,0,5658.6,1337,39.1,1029.2,678.8,0,0.8,7763.9,108,2.7,152.8,4.4,2.7,2.5,98.9,64.8,8.7,51.6,1501.3,1034.4,10.4,43,147,602.2,5.2,6.9,2.5,25.5,324.2,67.1,59.3,48.5,32.1,579.5,6.8,7.3,150.4,0,110.7,1525.4,1.9,966.6,8.3,1062.9,0,902.7,0.3,0.2,0,0,0.3,90.1,0,68.2,0,0,0,1.2,688.3,79.1,109.3,0,6.7,0.2,0.3,19.4,6.1,0.2,31.3,0.3,0,8.9,1.1,0.8,0,0,11,0.7,22.2,74,0.5,1.7,0,0,0,208.2,0,0.1,2.4,7.8,0.7,0.2,94.9
2023 Dec,45253.9,7171.9,0,37.3,0,0,597.2,210,9.8,1.4,67.1,2.1,7.3,6.6,1.6,2.9,0.3,0.5,0.1,234,0,0.3,0.4,30.4,7.5,0,0,5951.5,0,1,0.2,2.5,30043.1,0,1.1,14.6,175.6,28.9,5898.3,0,212.6,697.2,1857.2,0.5,0,72.2,2346.3,9,38.6,0,3166.3,123.5,0.2,0.4,0.5,4955.1,6.4,0,4.5,0.7,64.1,47.3,443.9,333.4,562.8,11,0,5752.4,1308.8,37.8,1184.2,656.6,0.1,30.8,6760.3,84.1,1.4,103.3,70,1.4,2.3,69.4,56.7,46.6,28.1,1431.7,1034,13.1,35,109.4,625.4,2.3,12.5,2.5,100.7,228.9,60.7,52.5,36.5,32.8,370,7.9,5.3,142.8,0,103.5,605.8,5.3,1270.2,7.9,966.5,0,808,0.3,0.1,0.1,0,0,80.6,0,77.1,0,0,0,0.2,312.1,62.1,0,0,4.8,0,0.4,1.7,9,0.4,3.6,1.1,0,3.5,0.5,0.7,0,0,18.3,0.4,25.9,12.3,1.9,0.4,0,0,0,38.3,18.9,0.2,2.4,5.2,0,0.2,99.8
2023 Nov,49402.4,7907.6,0,40.4,0,0,477.2,234.3,10.4,3.5,36.3,0.3,6.7,5.2,1.3,7.2,0.1,0.3,0,268.8,0,0.1,0.1,3,4.9,0,86.6,6717.1,0,0.5,0,3.2,32847.5,0,44.6,12.9,281,104.5,7283.3,0,213.8,814,1786.6,0.2,99.5,77.8,2432.8,6.8,95.2,0,3103.3,60.1,0.3,0.3,0.5,5426.4,4.9,0,8,0.8,75,38.3,449.9,683.4,548.5,9.3,0,5189.3,1413,137.1,1874.9,546.1,0,25.1,7093.4,92.2,0.8,91.8,82.6,1.8,1.8,73.5,114.1,31.6,44.8,1578.5,1084.8,13.1,50.7,129.1,706,2.4,8.1,2.4,22.9,361,53.5,65,67.1,27.2,511.5,10.3,12.2,253.9,0,150,578.4,2.9,859.1,8.2,1198.6,0,1051.7,0.4,4.9,0,0,0,62,0,78.4,0,0,0,1,355.3,0,114.8,0,2.8,0,0,1.2,10.8,0,2.1,8.6,0,4.6,0.9,0.5,0,40.6,3.4,0.8,24.4,0.2,4.6,1.1,0,0.1,0,64.6,0,0.1,5.2,61.1,0,1,1.8
2023 Oct,51889.5,7514.7,0,7.9,0,0,583.1,231.1,6.6,1.3,45,0.2,6.2,5.7,1.4,0.5,0.1,0.6,0.1,253.7,0,0.2,0.3,1.4,7.3,0,0.5,6358.4,0,0.6,0,2.3,34870.1,0,54.4,11.9,292.8,196.3,8248.7,0,227,736,1725.1,0.1,0,67.8,2352.3,3.8,154,0,3180.5,84.1,0.8,0.4,7,5654.6,17.6,0,6.7,0.6,18.4,7.8,503.8,858.7,867.1,8.1,0,5950.2,1554.6,123.1,1368.4,584.5,0.2,2.7,7815.5,83.4,0.9,150.4,21.8,2.3,2.3,67.6,129.4,178.6,49.3,1503.7,1116.3,74,56.8,111.9,676.6,2.2,18.7,2.8,25.4,305.8,66.9,57.6,28.2,25,380.9,8.3,6.2,210.8,0,147.4,1367,3,910.6,23.4,1158.2,0,1091.9,0.1,0,0.1,0,0,63.4,0,2,0,0,0,0.6,531,0,124.8,0,5.6,0,0,0.8,10.5,0.3,1.5,5.7,0,3.6,0.9,1,1.6,0,4.2,0.8,27.2,0,76.9,0.8,0,0,0,83.5,60.7,0.1,2.7,4.3,0,1.3,112.2
2023 Sep,48959.2,6991.3,0,5.7,0,0,835.3,206.5,8.4,7.5,21.7,1.5,7.8,5.1,1.3,1.1,24.3,0.2,0,251.9,0,0.2,0.3,12.2,4.9,0,0,5589.9,0.1,2.5,0.6,2.1,33954.2,0,21.7,13.7,189.7,10.6,7039.8,0,204.6,713.5,1675.3,0.3,119.6,85.4,2233.7,2.2,0.1,0,3049.6,188.7,0.5,0.3,0.4,5224.8,11,0,5.4,0.2,120.7,9.6,566,711,594.1,11.4,0,7289.2,1361.2,131.2,1852.4,513.5,0,2.3,6996.1,125.2,0.1,182.1,4.3,2.8,2.3,66.3,51.8,7.8,40.9,1356.3,1114,11.8,40.6,113,597.8,1.7,22.2,50.1,19.5,237.6,56.3,61.2,32.6,22.5,428.1,7.8,8.7,191.7,0,110.6,1098.4,1.7,919.3,8.8,558.8,0,455.1,0.4,0.3,0,0,0,100.5,0,2.3,0,0,0,0.3,458.8,0,114.8,0,4.4,0,0,2,11.2,0.4,71.4,6.8,0,3.5,0,0.4,0.4,0,8.7,0.9,23.3,3.6,0.1,1.6,0.1,0,0,38.5,38.2,0.3,0.3,85.7,0.4,0.6,41.3
2023 Aug,49260,8087.7,0,8.3,0,0,543,239.2,9.5,2.9,69.3,1.3,11.7,5.4,1.7,1.8,0.5,0.5,0.1,269.9,0,0.3,0.1,13.2,22.8,0,0.1,6867.9,0,15,0.1,3,32826.1,0.1,2.9,14.4,253.5,41.3,6519.9,0,197.9,959.4,1773.3,0.2,0,102.7,2144.7,5.5,160.4,0,2766.4,216,0.3,0.2,2.4,5341.9,5,0,17.1,1.2,107.5,6.8,608.6,756.8,723.2,8.7,0,6263.8,1431.7,64,1714.4,553.3,0.2,60.3,7360.1,97.2,2.3,104.2,4.8,27.5,1.5,82.6,60.1,48.1,53.7,1417.3,1143.1,63.1,33.1,117.4,662.5,3.4,8.2,4.5,23.8,402.9,65,74.1,32.6,24.2,291.8,8.7,10,175.6,0,159.3,1180.9,4.5,966.2,6.1,685.2,0,595.3,0.8,0.2,0.1,0,0,73.1,0.1,14.7,0,0,0,0.9,300.8,36.6,0.1,0,1.3,0,0,0,12.8,0.3,4.1,5.4,11.9,5.8,0,1.7,0.5,0,4,0.7,24.3,0,0.1,0,0,0,0,27.4,53.9,0.1,0.5,5.1,0.2,1,102.6
2023 Jul,46574.6,6766.8,0,8.8,0,0,666.2,223.1,5.9,28.9,54.6,1.5,5.9,5.8,1.2,2.3,0.1,0.6,0.1,328.9,0,0.1,0.2,2.2,12.2,0,0.1,5415.3,0,1.2,0.2,1.4,30295.3,0,1.8,16.2,117.2,55.8,6504.9,0,314.4,698.2,1716,0.7,68.3,79.6,2154.7,6.7,13.1,0,2618.7,346,9.2,0.3,5.7,4835.2,0.1,0,7.9,1,138.9,5.7,549.5,487.6,974.2,13.7,0,5410.2,1254.5,60.2,1267.1,560.7,0.1,1.1,8281.2,103.5,1.1,180.3,5.7,3.1,2.8,112.4,112.3,15.6,40.2,1731.2,1178.1,61.8,44,101.1,619.2,2.5,10.3,2.8,20.8,274.1,63.2,74,49.5,28.5,537.3,11,7.9,213.8,0,150.4,1329.6,3,1181.9,8.3,722.9,0,600.4,0.5,0,0.2,0,0,116.8,0,3.5,0,0,0,1.5,508.4,71.7,19.7,0,0.2,0,0,0.8,12.8,0.2,4.2,1.6,0,7.1,0,1.7,0,52.9,3.9,6.6,21.9,6.1,152.6,0,0,0,0,29.5,0,0.8,0.3,55.4,6.7,1.3,50.4
2023 Jun,46726.3,7887.7,0,5.2,0,0,704.1,192.9,7,2.1,47.1,1.1,5.2,5.1,1.6,1,0,0.9,0.1,320.5,0,0.6,0.1,2.8,6.6,0,0.1,6580.8,0,0.6,0.4,1.6,30933.8,0,1.5,16.6,97.5,112.7,5975.8,0,297.7,894,1696.8,0.4,109.1,91.9,2472.5,3.5,0,0,2665.9,279.1,7.1,0.2,0.7,5870,3.8,0.1,5.4,0.2,45.1,49.8,572.5,605.2,752.6,11.8,0,5217,1226.7,43.6,1248.2,536.7,0.3,21.9,6945,104.7,0.1,132.6,5.8,2.2,1.3,110.5,46.6,79.7,66.5,1590.6,1090.7,25.3,51.4,128,653,1.5,16.2,3.7,25.5,432.4,50.3,67.5,32.7,48.1,393.9,5.8,7.4,151.1,0,235.1,592.7,4,780.3,7.8,605.9,0,507.7,0.2,2.8,0,0,0.1,84.9,0,4.6,0,0,0,5.7,353.9,0.5,59.3,0,1.4,0.2,0,0.2,9.5,0.2,4.3,31.6,0,4.4,0,1.1,0,0,3.3,1.1,21.2,19.2,0.2,0,0.1,0.1,0,52.9,25.1,0.3,0,47,25.7,1.3,43.8
2023 May,45562,6445,0,8.6,0,0,658,298.6,8.8,24.6,39.9,1.7,9.7,5,1.5,1.6,0,0.3,0.1,279.2,0,0.1,0.2,3.9,14.2,0,0.1,5086.4,0,0.5,0.4,1.5,30374.1,0.2,2.3,14.2,199.2,316.7,6163.3,0,234.3,774.1,1790.9,0.1,57.3,75,2280.2,3.2,0,0,2876.2,22.1,0.7,0.8,0.6,5027.5,0.1,0.1,5.2,0.2,88.8,25.5,540.5,865,868.7,9.3,0,4819.5,1218,58.3,1513.9,519.3,0,2.6,7556.6,109.5,1.3,115.8,4.1,3.8,2.6,88.4,61.6,31.5,51.6,1620.2,1144.7,47.6,55.5,132.8,676.5,5,16.4,3.1,60,361.4,64.6,64.2,30.2,30,546.7,5.7,10.9,168.8,0,329.6,733,2.7,966,10.8,859.7,0,784.5,0.3,2.7,0.2,0,0.1,64.8,0,5.1,0,0,0,1.9,326.6,0,0.1,0,1.5,0,0.2,0.5,10.8,125.9,3.4,10.2,0.1,3.1,0,2,0,0,5,0.6,24.5,0.1,0.8,0.3,0,0.1,0,40.1,9.7,0.3,1.1,34.5,1.1,1.1,49.5
2023 Apr,44966.7,6590.1,0,29.1,0.1,0,876.2,230.8,11.3,7.8,30.8,0.6,6.3,4.2,1.2,1.5,0,0.7,0.1,326.7,0,0.5,0.6,2.9,7.2,0.7,0,5047.3,0.1,1.3,1.2,1,30358.6,0,50.9,14,70.1,619.1,5716.5,0,240.7,868.2,1887.1,0.4,148,103.5,2432.9,5.2,46.2,0,2694.6,227.2,5.6,0.5,0.7,5274.4,0.1,0,5.9,0.1,28.3,20.4,582.6,440.7,667.2,6.5,0,5088.4,1400.7,96.1,1114.8,498.5,1.2,1.1,6951.1,111.8,1.9,109.7,5.1,2.2,1.9,76.7,51.4,5.8,33.7,1317,1225.8,10,55.1,110.6,565.1,2.6,14.9,3.9,57.7,299.8,65.5,92.2,25.5,29.3,338.8,8.9,14.6,170.1,0,153.9,1129.3,1.9,831.4,27.1,737.9,0,625.3,0.1,0.3,0,0,0.3,88.6,0,23.1,0,0,0,0.2,329,0,109,0.1,3.7,0,0.3,1.3,4.9,0.1,4.5,0.5,0.3,2.7,0,1.5,0,0,4.1,0.7,21.8,4.1,74.4,0.3,0,0,0.1,42.4,11.7,0.4,1.3,5,0.1,1.3,32.8
2023 Mar,51593.3,7555.1,0,6.9,0.2,0,787.2,275.1,10,1.9,54.6,1.5,8.1,5,1.8,1,0.5,0.6,0.1,291.7,0,0.1,0.2,4.3,12.2,0,0,6088,0,2.7,0,1.4,33891,0,48.9,19.7,192.8,225.1,6607,0,364.9,793.9,1869.6,0.8,158,113.8,3083,3.8,0,0,2828.3,493.5,5.5,0.6,6.9,5662.1,0,0.1,6.6,0.4,80,7.5,655.8,824.5,757.7,14.7,0,5413,1693.6,42.8,1182.9,560.2,0.1,172.9,8240.5,118.9,0.1,129.5,23.3,3.5,2.2,71.1,58.7,7.4,66.7,1896.3,1318.2,94.7,62.2,136.7,651.6,3,16.5,3.8,106.3,326.6,51.7,73.6,30.4,29.8,283.1,9.5,6.6,252,0,196.4,1122.1,3.1,1073.8,11.1,1497.5,0,1411.9,0.4,0.2,0,0,0,75.4,0,8.8,0,0,0,0.7,409.1,75.9,49.1,0,5.3,0,0.6,0.5,1.5,0,4.6,4.1,33.5,7.9,0,1.9,0,46,13.9,0.7,24.8,0.2,3.9,0,0.1,0.2,0,49.7,0.2,0.3,1.8,30.7,1.4,1.3,49.1
2023 Feb,42748.4,6008.9,0,5.5,0,0,565,218.1,8.1,6.3,27.7,1.2,7.4,4,1.9,1.3,0,0.2,0.1,252.2,0,0,0.5,1.6,9.1,0,0.1,4894.4,0,1.7,0.4,2,29010.6,0.1,3.1,13.4,307.2,38.6,5633.5,0,159.6,673.4,1804.1,0.2,107.7,67.4,2384.1,10.6,0,0,2592.2,171.1,4.2,0.1,1.2,5745.4,0,0,5.3,1.7,30.5,6.1,532.8,397.9,908.6,10,0,4630.8,1130.7,60.9,1065.7,509.6,0,2.7,6669.5,103.3,1.1,91,7.3,2,1.2,51.3,48.6,13,34.9,1445.2,1096.2,81.4,29.1,218.2,519.2,3.3,15.5,3.2,20.5,320.6,59,67.6,21.2,25.2,476.2,11.5,4.7,122.1,0,130.4,762,3,872.1,8.3,540.9,0,460.8,0,2.4,0.2,0,0,57.9,0,18.5,0,0,0,1.1,518.5,113.4,0,0,3.4,1.1,1.4,1.2,2.2,0.8,5.6,0.1,25.9,3.7,0,1.1,0,111.3,16.4,5,23.2,4.1,3.6,0.1,0,0,0,22.3,19.2,0.1,0.9,4.9,0.2,0.1,147.1
2023 Jan,44382.9,6226.7,0,8.3,0,0,516.9,202.8,14.6,2.2,26.3,0.9,7,4.5,1.6,0.7,0,0.8,0.3,217.3,0,0.4,0.1,3.4,7.3,0,0.1,5207.3,0.1,0.7,0.1,3,30372.4,0,39.6,16.6,273.6,74.8,7362.2,0.1,297.3,809.3,1882.7,0.3,142.6,105.9,2147.2,9.3,4.7,0,2919.3,241.4,2.8,0.2,1,4920.1,0.1,0,7.8,0.5,28.4,34.8,566.9,616.9,806,11,0,4276.3,1145.6,60.4,1044.6,520.8,0.2,0.9,6259.3,105,0.8,94.1,7,3.3,6.8,57.5,57.4,6,32,1608.5,963.4,42.4,39.8,119.8,608.8,2.3,10.1,12,17.6,253.6,45.9,70.3,27.1,21.1,247.5,7.1,8.8,280.2,0,117.8,672.2,2.9,703.2,7.2,983.3,0,869.5,0.5,0.1,0,0,0.1,106,0.2,6.5,0,0,0,0.5,541.1,154.3,71.8,0,2.9,0,0.1,61.3,3.7,0,32.8,0.1,0,3.1,0,0.6,0,43.3,32.1,1.5,23.3,0.3,2.4,0.1,0,0,0,62.1,10.8,0.3,0.9,5.8,1,0.6,25.5
2022 Dec,49869.8,6901.5,0,11.3,0,0,1004.2,211.2,16.6,7.9,24.6,1.1,6.4,4.5,1.9,0.6,0,1.5,0.1,277.7,0,0.1,0.7,3.5,8.4,0,0.1,5314.2,0,0.6,0.1,4.2,33611.7,0.1,44.9,27.3,143.1,25.9,7642.6,0.3,240,834.7,2074.8,0.3,118,98.7,2618.3,8.3,7.3,0,3207.3,0.6,7.3,0.3,1.4,6018,0.1,0.1,7.5,0.2,72.6,7.3,592.8,640.1,801.2,10.7,0,5357.9,1116.4,44,1212.3,567.4,0.6,61.1,7541.8,104.7,0.5,103.7,6.9,7.4,21.7,69.5,67.7,5.4,42.4,1537.3,1129.5,99.1,44.4,106.7,702.5,4.3,13.6,8.2,41,384,50.6,61.3,31,25.4,486.7,9.1,7.1,262.6,0,162.3,992.7,4.5,940.1,7.9,1399.9,0,1253.4,0.2,0.2,0,0,0,122.3,0,23.1,0,0,0,0.6,414.9,57.5,128.5,0,2.4,0,1.6,0,4,2,6.4,0.1,0,5.9,0,2.5,0,0,9.3,1.5,20.5,21.2,1.8,2.3,0,0,0,46.1,0.1,0,5.3,10.5,0.4,1.9,83.1
2022 Nov,50653.9,7529.4,0,6.8,0,0,1132.9,224.9,13.8,4.4,32.9,1.1,5.3,2.7,2.3,1,0,0.8,0.1,242.9,0,0.1,0.3,2.2,16.5,0,2.9,5832,0,0.8,0.7,1.8,34733.7,0,11.5,25.7,121.1,16.4,8285.8,2.1,169.2,837.7,1971.9,0.3,195.9,86,2837.7,7.3,31.6,0,2863,54.6,5,0.6,17.1,6773.4,0.1,0.1,6,0.6,60,10.2,581.1,476.1,866.6,12.2,0,5319.4,1242,54.9,1205.7,489,0.1,95.7,7242.8,105.1,1.9,121.8,5.6,3.7,2.4,77.7,67.4,7,49.1,1563.1,1107.6,37.9,46.8,118.5,725,6.4,8.7,5.7,23.1,301.4,43.1,59.5,33.1,26.2,221.8,7.5,8.5,245.9,0,196.5,949.4,4.5,1050.4,10.2,664.4,0,577.8,0.2,0,0.1,0,0.3,72.7,0,12.7,0,0,0,0.5,483.6,17.4,0.9,0,2.6,0,3.4,0.1,4.3,1.6,31.7,0.4,0,4.4,0,1.1,0.1,182.9,1.4,1.5,23.3,0.3,2.4,0.2,0.1,0.1,0,121.4,0,0.2,0.9,6.4,26.1,0.8,47.7
2022 Oct,53182.9,7666.4,0,14.9,0,0,917.5,213.6,11.6,2.2,20.4,1,6.9,4.9,2.2,0.3,0.1,0.7,0.1,272.7,0,0.2,0.5,11.7,5.5,0,0,6163.5,0,1.1,0.9,14,36120.9,0,66.7,18.5,215,9.1,7377.5,0,207.2,826.9,1987.2,0.7,134,93.5,3038.9,3,140.4,0,3044.6,52.8,16.9,0.4,2.3,6417.4,0,0.1,5.9,0.7,108.5,6.3,646.8,528.9,1010.6,14.7,0,6484.6,1431.2,64.5,1642.1,522.4,0.3,0.5,7475.9,101.2,0,88.8,4.5,3.7,2,78.1,63.7,5.5,49.7,1493.2,1122.3,15.8,42.8,157.6,595,2.3,5.9,15.7,51.7,263.2,40.1,72.9,40,26.8,64.2,9.5,8.8,184.1,0,180.2,1811.9,5.8,860,8.5,1329.8,0,1246.3,0.2,0.1,0.1,0,0,72.7,0,10.2,0,0,0,0.2,589.9,130.5,56.7,0,1.7,0,1,0,7,1.4,30.2,0.5,0,4.5,0.1,1.4,0,0,2.8,0.9,16.3,8.2,2.8,0.2,0,0.1,0,230.1,64.1,0.1,0.7,6.2,0.8,0.9,20.8
2022 Sep,55799.3,7995.9,0,13.2,0,0,833.3,241,29.6,10.5,22.9,1.2,6.1,2.5,2.4,0.9,0,0.4,0.5,263.9,0,0.3,0.2,14.7,9.8,0,0.1,6537.2,0,3.3,0.2,1.4,37696.3,0,2.7,18.3,208.5,12.6,7390.9,0,354.3,1023.7,1924.9,0.3,138,143.1,3109.5,8.9,111.6,0,3113.8,16.8,20.2,0.3,0.4,7672,0,0,6.9,0.6,42.1,5.3,599.1,766.9,954.9,13.4,0,5683.9,1343.8,97,2315.1,594.9,0,1.2,8167.6,130.4,3.6,216,4.7,2.5,1.7,74,61.8,7.8,48.4,1660.6,1170.5,107.9,38.4,118.9,547.6,2.7,8.4,55.5,23.8,314.8,41.5,82.6,47.5,51,72,7.4,7.8,210,0,143.1,1758.9,4.7,1131.4,9.7,1544.6,0,1447.9,0.5,0,0.2,0.1,0.3,79.9,0.1,14.3,0,0,0,1.3,395,61.3,0,0,3.9,0,0,0.1,5.3,1.8,22.7,0.3,0,5.1,0.1,2.7,0,27.1,7.2,1,26,2.1,4.1,0.3,0,0,0,139.3,2.7,0.2,0.1,13.1,0.7,0.9,66.5
2022 Aug,58466,8633.8,0,11.8,0,0,968.7,599.5,75.5,9.8,26.4,0.5,10.1,1.9,2.2,2.2,0.1,0.8,0.1,248,0,0.4,0.5,1.9,14.9,0,80.6,6575.1,0,0.8,0.8,1.2,40911.9,0.1,7.1,37,312,21.8,8196.6,0.1,319.5,908.1,2301.2,0.3,151,126.2,3100.7,3.8,24.3,0,3841.8,56.4,36.2,0.3,3.2,7225.6,0,0.1,8.3,0.6,73.2,9.7,1121.5,827.7,1082,12.8,0,7174.7,1511.9,33.4,1629.8,688.3,0.2,64.6,7433.2,105.2,3,132.9,4.7,1.8,2.5,76,126.2,7.6,38.1,1624.6,1135.2,170.2,39.9,193.2,592,3.5,6.3,31.3,40.7,339,36.2,64.3,45.5,24,74.5,10.5,8,200.2,0,107.6,1420.4,5.3,753.4,9.3,935.9,0,697,0.2,0,0.1,0,0.2,133.1,0,104.7,0,0,0,0.7,551.2,132.7,90,0,6.5,0,0,0.1,7.1,0.1,3.2,0.2,0,6.3,0,0.7,0.1,80.8,12.4,0.9,17.6,7.2,1.2,0.9,0.7,0,0,91.1,29.6,0.1,1.5,8.3,0.5,1.4,49.9
2022 Jul,61029.4,7879.7,0,10.3,0,0,928.9,284.9,20.1,1.9,23.9,0.7,6.1,2.2,2.9,3.5,0.2,0.8,0,402.7,0,0.1,0.4,3,16.6,0,3,6158.1,0,5.4,0.4,3.4,43214.2,0.1,165.7,18.8,248.8,27.8,8510.2,0,624.4,1022.4,2032,0,92.8,99,3440.4,5.3,0,0,4382.6,117.3,1.7,0.5,1,7243.9,0,0.1,7.4,0.6,71.4,5,1358.6,692.2,1003.7,13.2,0,7307,1636.8,73.5,2225.3,759.7,0.5,24.5,8300.5,118.9,0.7,224.7,5.2,7.9,1.2,82,55.8,8.8,91.6,1555.5,1207.4,207.7,49,107.1,570.6,3.9,3.3,9.8,54.6,359.7,49.8,57.6,46.3,26.4,261.6,10.8,7.6,178.6,0,181.3,1937.5,6.1,802.8,8.5,1060.6,0,924.5,0.6,0.5,12.2,0,0,97.9,0,21.1,0,0,0,3.8,574.4,265.1,12.4,0.2,5.6,0,0,0.1,6.6,1.6,3.4,0.5,0,7,0,1.4,0.3,48.1,12.9,7.5,17.5,0.3,0.5,0,0,0,0,24.1,65.9,0.1,2.2,9.3,0.5,1.6,79.5
2022 Jun,59649.2,8024,0,11.6,14.7,0,1070.9,215.6,11,84.4,47.4,1.2,9.1,5.7,2.2,1.2,0,0.2,0.1,301.9,0,0.4,0.8,12.1,9.7,0,0.1,6219.8,0,2,0.3,1.8,42507.2,0,197.7,20.7,247,13.2,7976.2,0,333.5,1251.4,2244,0.3,8.5,106.9,3194.7,8.6,10.8,0,4120.9,2.6,19.1,0.1,4.1,7528.1,0,0.1,6.2,0.4,129.6,6.7,1219.1,651.8,947,14,0,7548.8,2034,136.6,1812.2,706.1,0.2,5.8,7300.2,114.1,1.4,114.7,5.1,29.3,1.8,85,51,6.3,73.5,1535.9,1108.9,108.6,44.8,154.8,607,3.5,135.6,32,21.4,265.2,53.4,64.2,46.7,26.3,244.4,7.3,6.4,317.5,0,168.9,941.4,5.6,909.9,8.2,1141.8,0,1020.5,0.3,2.7,0,0,0,102,0,15.4,0,0,0,0.7,675.9,46.9,180.7,0,3.7,0,0,0,5.9,1.2,14.2,0.8,0.1,6.3,0,1.3,0.1,0,18.1,0.7,16.8,25.3,47.9,0.2,0,0,0,39.5,64.9,0.2,0.8,7.6,22.3,1.7,168.8
2022 May,57604.3,8521.1,0,16.4,0,0,954.9,200.8,15.5,50.7,55.1,0.3,4.9,4.1,2.2,2.8,0,0.2,0,274.1,0,0.3,0.9,7.4,12.2,0,0,6889.7,0,27.5,0.1,0.8,40534.7,0.1,293.9,23.7,307.7,16.5,7478.1,0,431.8,885.6,2242.2,0.3,115.6,94.2,3842.9,8.7,0,0,3678.2,158.8,17.4,0.1,2.5,6664.4,0.1,0,7,0.3,32.2,6.2,1165.1,557.7,1441.8,10,0,6676.6,1440.3,40.5,2110.6,781.8,0.6,0.7,7030.8,116.5,0.6,116.8,4.9,2.1,2.3,111.9,51.2,7.9,87.2,1365.4,1095.5,47.8,36.7,114.6,555.7,4.5,12.3,4.7,25.5,279.5,44.6,68.7,36.3,27,6.1,9.3,7.3,189.5,0,170.4,1433.6,0.7,985.2,8.8,1164.7,0,977.5,0.5,2.9,0,0,0.1,155.6,0,27.4,0,0,0,0.7,352.9,0,5.3,0,2.4,0,0,0,5.1,0,86.7,0.5,0.1,6.7,0.1,1,0,0,10.4,0.9,20.8,1.6,2.6,0,0,0,0,181.5,0,0,2.2,8.5,1,1,14.2
2022 Apr,56116,7822.1,0,6.3,0,0,836.5,204.5,9.5,16.1,23.3,1.6,7.1,3.3,2.6,1.4,0.1,0.4,0.1,245.4,0,0.3,0.4,1.3,16.7,0,0.1,6441.5,0,2.4,0.1,0.9,38735.7,0,76.9,18.8,446.8,22.5,6153.9,0,360.9,1159.6,2401.3,0.2,213.7,101.2,3273.5,4.8,0.7,0,3557.6,21,13.9,0,3.3,6958.6,0,0.1,6.4,1,63.8,9.6,1126.7,567.2,767.6,11.8,0,6867,1529.5,96.3,2076.6,821.2,0.3,1.3,7407.2,82.2,2.4,146.6,4.5,6.9,1.9,72.6,55.5,52.3,98.4,1553.6,1282.3,118,37.6,86.8,534.1,4.6,53.2,2.3,26.3,574.5,55.7,68.9,32.6,25.5,208.8,8.3,7.8,274.5,0,163.3,844.2,38.2,874,8.9,1559.1,0,1454.9,0.4,0.1,0,0,0,92.3,0.1,10.8,0,0,0,0.4,591.9,95,1.4,0,3.2,0,0,0,3.4,0,16.2,0.3,0,17.9,0,1.2,0.5,137.1,13.9,1,20.2,0.2,0.8,0,0,0,0,91.6,0.1,0.1,0.3,8.5,1.1,0.3,177.2
2022 Mar,58080,7176.1,0,6.7,0,0,516.5,253.6,17.1,29.5,18.7,1.1,6.4,3,2.4,1.9,0.1,0.3,0,238,0,0.2,0.6,1,8.6,0,0,5939.6,0,130.1,0,0.7,42199.9,0,4.7,19.8,178.3,45.8,6635.5,0,383.9,1023.8,2245.6,0.8,155.8,147.6,3429.9,4.6,0,0,4028.5,105.4,22.6,0.2,3.1,7882.2,0,0,7.4,0.1,28.1,8.1,1112.1,304.2,1701,10.3,0,7467.4,2249,48.2,2307.6,636.6,0.2,1.3,7203.2,106.4,1.2,319.4,5.6,1.5,1.2,80.2,76,5.2,58.3,1289.7,1259.7,10.1,38.3,127.6,549.6,3.7,53.7,3.5,23.2,424,90.6,82.2,27.2,23.4,76.5,8.8,6.1,295.1,0,257.4,1000.4,2.5,886.7,8.1,863.9,0,759.7,0.6,0,0.1,0,0.1,84.7,0,16.3,0,0,0.1,2.2,636.9,173,0.2,0,2.3,0,0.5,0,2.2,0.2,6.6,0.9,40.4,16.5,0.2,1.3,0.3,38.6,8.2,3.7,20.6,5.2,91.3,0,0,0,0,91.5,62.9,0.2,1.4,9.9,0.4,1.8,56.7
2022 Feb,44958.4,5385.2,0,8.3,0,0,458.5,197.8,36.6,5.5,15.4,0.5,5.5,4,2,1.9,0.1,0.3,0.1,183.3,0,0,0.4,0.8,14.6,0,0,4444.8,0,3.1,0,1.5,31611.3,0.1,1.4,16.7,161.9,15.1,4799.3,0,210,1038.8,1752.3,0.3,202.2,151.3,2496,2.5,0.2,0,3042.1,3.2,4.2,0.1,3.2,5333.9,0.1,0,5.8,28.6,26.3,16.7,962.3,599.8,1040.1,10.1,0,6469.8,1231.6,51.3,1486.8,445.5,0.5,1.2,6479,80.4,1.8,247.2,4.6,2.5,28.2,60.4,40.4,20.5,30.7,1074.7,1074.2,40.6,27.6,110.9,452.4,2.9,8.8,7.5,81.6,213.3,46.7,57.1,26.9,23.6,595.7,6.3,5.4,160,0,175.3,989,4.4,769.4,8,814.4,0,744.6,0.2,0,0.1,0,0.1,55.1,0,13.7,0,0,0,0.5,668.5,167,122.3,0,1.7,0,0.1,0,7.2,0,4.8,0.5,0,10.9,0,1.1,0,0,7,1.9,19.2,7.7,214.7,0.1,0,0,0,26.4,1,0.1,5,9.9,0.5,1.1,58
2022 Jan,50026.8,5850.9,0,9.7,0,0,795,227.7,8.9,87.6,15.5,0.6,5.4,17.5,1.9,1.6,0,0.3,0,201.7,0,0.1,0.2,1.7,7.2,0,0.1,4451.7,0,15.6,0,0.9,35014,0,4.5,21.1,118.4,21.5,6387.2,0,514.1,851.3,1854,0.8,191,99.8,2448.7,6,0,0,3341.6,18.2,16.7,0.1,1.8,6180.1,0.1,0.1,6.8,0.9,44.3,6.2,1024.2,429.5,920.7,10.9,0,6978.7,1239.9,92.6,1620,561.2,0,0.6,7821.6,83.1,1.2,170.9,3.9,1.7,3.4,63.3,142,6.9,59.9,1426.7,1038.8,17.8,37.5,82.2,567.3,3.3,52.1,32.1,18.2,261.2,54.3,60.5,80,22.8,846.5,9.9,5.6,161.2,0,149.1,1374.6,3.6,948.4,31.8,810.4,0,682.5,0.5,0.1,0.1,0,0,115.7,0,11,0,0,0,0.6,529.9,207,3.5,0,45.7,0,0,0,10.3,0.1,13.6,0.6,0,11.5,0,1.3,0,0,11.5,3.1,15.9,0.8,19.7,0.6,0,0,0,70.8,0,0.2,0.8,37.6,1.3,0.2,73.9
2021 Dec,54349.4,6261.1,0,11.4,7.3,0,340.5,208.1,14.4,6.3,16.3,1.1,8,6.3,2.1,0.7,0.1,0.7,0.1,435.5,0,2.1,0.3,3.1,9.8,0,0,5184.1,0,2.5,0,0.4,39140.3,0.1,0.5,22.1,238.5,31.6,7876,0,419.7,1065.6,1952.4,1.5,55.7,78.6,2802.5,7.2,303.5,0,3432.7,30.8,10.2,0.5,3.3,6725.7,0.1,0.1,11.1,0.2,32.2,8.3,1111.3,665.9,1061.6,11.9,0,6949.9,1451.6,45,2186.8,543.8,0.7,1.3,7586.3,83.7,2.8,129.5,4.3,8.1,1.8,78.2,52.3,8,49.9,1449.2,1329.6,38.8,36.8,96.4,638.7,4.3,7.8,3.9,77,301.9,50.1,79.3,40.7,21.5,957.2,19.2,8.4,224.2,0,181.1,773.4,20.2,799.7,8.3,744.8,0,639.3,0.1,2.5,0,0,0,87.5,0,15,0,0,0,0.5,616.8,0,141.2,0,3.7,0,0.3,0,3.7,0,13.1,1,71.9,16.6,0,0.8,0.1,14.5,7.2,1.2,19.8,23.1,114.5,0,0,0,0,46.8,0.3,0.1,1,3,0,0,132.8
2021 Nov,50674.9,6127.4,0,6.8,0,0,661,174.5,5.4,36.4,14,0.6,6.2,4.5,3.2,1,0.1,0.4,0.2,271.1,0,0.4,0.2,1.6,7.7,0,0,4928.8,0,2.9,0,0.8,35949.6,0,106.8,19.1,272,28.8,6670.9,0.1,306.1,981.1,1988.5,1.1,205,133.3,2508.2,2.4,301.2,0,3111.7,58.3,6,0.2,0.9,6572.6,0.1,0,13,0.2,68.2,12,929.2,795.1,684.6,11.6,0,6462.5,1283.6,171.2,1645,522.1,0.6,76.5,6872,103.4,2,131,4.8,2.1,3,64.3,91.6,74.7,36,1259.2,1094.9,9,33.5,95.1,691.5,2.6,8,3.6,65.9,323.5,48.3,67.4,46.2,18.7,146.7,9.6,7.8,241.4,0,175.3,991.2,3.1,1000.9,15.4,994.1,0,825.2,0.2,0,0,0,0.1,85,0,83,0,0,0,0.5,731.8,280.3,164.7,0,1.6,0,0.6,0,4.4,0,23,2,0,14.7,0,1.5,0.2,0,12,0.6,14.7,0.9,109.7,0.3,0,0,0,25.7,0,0.1,4.3,2.7,26.8,2.6,38.3
2021 Oct,47945.2,6027.6,0,4.1,0,0,671.5,160.5,7.4,2.2,13.9,1.5,5.3,3.9,2.4,1.8,0.2,0.6,0.1,266.8,0,0.3,0.5,1.3,8.7,0,0.2,4870.7,0,2.3,0,1.5,33552.7,0,7.5,23.8,180.3,24.3,6026.1,0,370.1,830.7,1763.1,0.3,187.9,78.2,2574,5.9,0,0,2662,146,0.4,0.2,1.3,6447.6,0,0.4,6.5,0.1,18,6.4,946.6,603.1,634.7,10.1,0,6054,1180.4,76,1901.8,482.4,1.8,300.4,6714.8,100.3,2.2,250.7,4.6,87.1,4.1,94.4,54.1,4.7,46.5,1248.4,1103,12.1,42.2,110.3,554.7,2.7,38.1,5.2,156.4,246.3,44.6,64.3,31.8,23.8,346.6,9,7.5,136.5,0,204.2,975.9,2.8,691.3,8.2,1021.2,0,860.1,0.7,0.2,0,0,0.1,84.3,0,74.9,0,0,0.6,0.3,628.8,46.9,209.8,0,0.3,0,0.1,0,4.5,0,1.5,107.2,0.3,21.6,0.1,0.9,0.1,30.7,2.5,2,13,0.1,1.8,0,0,0,0,25.1,0,0.2,3.4,4.3,0.6,2.1,149.7
2021 Sep,45980.4,5631.6,0,6.4,20.6,0,491.7,206.7,4.3,39.8,15.3,0.9,3.6,3.7,2.8,0.9,0,0.8,0.1,228.5,0,0.3,0.6,0.9,7.3,0,0.1,4593.6,0.2,1.3,0,1.4,32533.4,0,6.2,20.6,175.6,37.6,6016.6,0,362.1,598,1706.2,0.9,262.4,61.5,2579.5,7.5,0.2,0,2896.7,2,2.9,0.1,1.9,5974.6,0,0.6,10.4,0.2,70.6,10.2,909.2,671.2,455.8,9.7,0,6184.7,1160.1,78.1,1800.2,457.4,1,1.2,6882.1,162.6,1.4,155.8,4.1,1.6,1.5,91.4,151.3,45.5,40.7,1432.7,1290.5,11,37.5,272.1,420.8,2.3,13.1,7.5,145.3,277.2,40.2,65.5,23.7,25.9,177.7,7.7,6.9,127.5,0,166.4,982.5,3.8,682.1,6.2,599.8,0,528.7,0,0.3,0,0,0,56.2,0,13,0,0,0.3,1.2,333.4,44.4,0,0,1.3,0,0,0,4.3,0,53.2,0.8,0.3,17.6,0,0.7,0.1,0,0.7,0.5,17.3,3.2,47.1,0.1,0,0,0,23,8.4,0.1,1,2.8,0.2,1.2,105
2021 Aug,44714.5,5750.1,0,3.7,0,0,464.8,190.4,3.1,2.3,13.9,0.4,7.2,2.7,2.5,1.1,0,0.4,0,218.6,0,0.1,0.7,0.9,9.5,0,0.1,4826.4,0,1.1,0,0.5,31492.5,0,2,17,209.2,27,5467.8,0,378.2,825.5,1719.2,0.3,100.7,119,2193.3,7.3,0,0,2540,22.5,3,0.2,1.4,5733.4,0.1,0.9,8.8,0.3,111.5,6.7,986.3,561.2,663,9.7,0,6519.9,1228.7,81.6,1450.7,458.2,0.1,37.8,5919.4,83.4,1.7,98.5,3.6,2.5,2.6,64.5,61.4,6.3,49.2,1035.9,1147.5,11,45.1,280.5,483.1,4.3,61.2,2,20.4,432.9,51.5,61.6,37.9,20.4,242.6,7.6,7.6,127.9,0,209.7,592.4,5.4,649.6,7.4,744,0,570.7,0,0,0,11.2,0.1,90.6,0,71.2,0,0,0,0.1,808.4,244.7,109.4,0,3.1,0,0.1,0,5.2,0,52.1,5.1,35.3,17.3,0,0.7,0,0,1.1,0.6,14,0.1,95.8,0,0.1,0,0,24.6,8.8,0,0.2,7.4,14,1.5,167.2
2021 Jul,46107.8,5728.6,0,5.2,29.5,0,550.5,135.9,18.9,49,14.5,0.4,5.3,50.1,2.8,2.1,0,0.6,0.1,263.1,0,0.8,0.3,5.2,10.5,0,0.1,4579.5,0,0.8,0.4,3,31645,2.5,1.4,12.1,137.3,19.4,5526.6,0,318,900.9,1601.9,0.6,0,92,2562.8,8.4,0,0,2545.7,3.2,0.5,0.1,2,5830.8,0,0.6,7.5,0.1,27.3,8.5,934.4,819.1,801.3,8.7,0,6094.5,1225.9,164.9,1438.1,546.3,1,0.8,6919.2,88.1,1.4,183.8,12.9,2.7,1.8,82.6,56.8,6.3,37.7,1279.4,1185.9,10.5,46,287.5,516.6,3.6,11.8,3.5,54.5,399.4,48.4,57.7,24,20.8,453.1,11.3,6.7,161.9,0,176,880.3,5,793.2,7.7,1201.2,0,1056.2,0.2,0.1,0,0,4.3,67.2,0,72.6,0,0,0,0.7,613.8,124.3,174.1,0,2.3,0,0,0,7.8,0,73.3,0.3,0.1,19.5,0,1.8,0,0,1.6,0.9,14.5,0.7,95.6,0,0,1.1,0,30.9,0,0.1,1.1,2.2,5.1,1.3,55.2
2021 Jun,45039.8,5457.4,0,5,0,0,481.4,156.6,8.6,45.3,16.8,2.3,6.2,1.1,2,2.8,0.4,0.7,0.1,290,0,0.3,0.4,2.2,13.5,0,0.1,4418.9,0,1.9,0.2,0.9,31021,0.1,3,12.6,105.7,56.1,6198.5,0,439.7,945.5,1797.2,0.9,263.8,114.1,2332.5,3.6,0,0,2352.8,2.7,0.4,0.1,1.1,5526.7,0,0.5,11.3,0.1,134.7,7.2,854.8,509.5,1021.2,9.4,0,5420.7,1146.8,127.9,1125.2,493.8,0,0.6,7011.2,96.2,1.5,117.3,13.1,1.9,1.9,79.4,146.8,4.2,32.5,1453.4,1142.9,53.5,50.6,323,616.5,4.1,12.6,3.7,69.9,447.2,62.3,58.1,26.7,25.9,317.5,11.3,9.3,158.6,0,185.9,627.5,3,844.3,8.4,890.1,0,742.1,0,0,0,0,0.4,78.3,0,69,0,0,0,0.3,660.2,220.9,0,0,2.8,0,0,18.9,11.6,0.1,98,1.4,0,11.7,0,0.9,0.2,0,6.4,0.7,16.9,1.4,87.4,0.1,0.1,0.1,0,124.9,11.4,0,0.4,2.5,2.6,0.3,38.5
2021 May,41559.7,5191.8,0,5,0,0,459.1,161.7,7.2,1.9,14.5,0.3,7.4,27.1,2.2,5.3,0.1,0.3,0.1,301.8,0,0.1,0.2,1.5,10.6,0,0.1,4182.6,0,1.1,0.1,1.7,28497.2,0.1,1.3,17.5,44.8,48.6,5799.3,0,360.8,716.8,1445,0.4,205.5,66.5,2128.7,27.1,0.1,0,2155.6,29.7,1.7,0.1,0.7,5932.7,0.1,0.6,9.2,0.1,45.8,6.3,895.4,310.4,402.1,5.9,0,4847,1122.7,97.3,1287.5,452.6,0.5,30.9,6563.5,101.4,1.1,151.6,4.3,1.5,1.5,83.7,56,4,34.8,1239,1432.5,38.6,52.5,232.6,572,3.8,11.1,2.3,15,288.2,43.9,53.1,29.6,18.1,265.9,10.8,7.5,151.7,0,158.4,918,2.2,569.8,7.1,1001.7,0,840.4,0.3,0.2,0.1,0,0.1,88.9,0,71.4,0,0,0,0.3,305.4,31.4,79.6,0,6.8,0,0,0,11.6,0,48.6,4.5,0.1,8.6,0.1,2.5,0.2,12.4,5,1.6,18.7,0.1,0.9,0,0,0,0,37.1,0.4,0,0,30.8,1.1,0.1,3.2
2021 Apr,45169.5,6195.9,0,8.7,33.3,0,572.1,154.3,37.3,5.4,14.1,0.8,6.7,2.2,1.4,3.2,0,0.2,0.2,301.5,0,0.1,0.4,1.1,14.9,0,0.1,5036,0,0.5,0.1,1.2,30623.1,0,48.7,19.1,110.5,9.1,6329.5,0,300.5,880.8,1809.2,0.3,186.4,100.3,2607.1,3.9,0.1,0,2052,126.8,0.4,0.1,0.2,6272.6,0.2,0.7,11.9,0.1,52.3,5.2,861.4,431.6,489,7.9,0,5220.5,887.2,80.4,1142.4,517.2,0.1,57.5,6740.5,94,3.4,174.6,5.6,2.5,1.6,75.4,44.7,6,36.8,1150.4,1102,14.7,42.4,297,611.3,1.5,10.2,4.3,44.9,470,100.4,61.1,21.1,22.4,323.4,10.1,6.3,122.3,0,173.9,1004.6,2.9,691.9,6.8,1030.5,0,929.3,0.2,2,0,0,0.1,60.9,0.3,37.5,0,0,0,0.2,579.6,143.2,52.8,0,7.8,0,0,6,5.4,0,11,7.2,0,3.8,0,1.3,0,10.9,2.6,0.7,18,21.3,124.2,0,0,0.1,0,67.2,0,0,0.6,4.6,28.7,0.8,61.6
2021 Mar,47668.4,5303.5,0,3.1,0,0,328.8,158.2,9.9,1.7,14.6,0.7,6.2,3.4,1.5,7.6,0,0.4,0,281.7,0,0.3,0.3,1.4,12.7,0,0.1,4466.4,0,2.6,0,1.7,31367.8,0.1,44.7,20.4,102.3,10.1,6291.7,0,314.1,859.4,1750.1,0.4,237.9,65.3,2568.6,9.9,0,0,2390.2,39.5,2.8,0.1,0.5,6158.1,0.2,1.4,9,0.2,95.1,8.1,898.9,542.3,794.9,32.9,0,5375.5,916.1,142.8,1142.1,541,0,0.6,8964,99.5,2.1,128.9,4.9,1.7,1.3,79.1,117.7,7.3,42.7,1906.8,1124.8,65.1,42.2,393.5,520.5,2.2,57.7,3.1,19.2,393.5,67.5,59.1,25.6,32,656.4,9,5.9,152,0,150.1,1901.5,3.4,879,8.8,1131,0,1016,0.3,0.3,0,0,0.1,71.2,0,42.6,0,0,0.1,0.4,902.2,182.6,79.5,0,8.1,0,0,0,3.7,0,77.7,3.8,38.6,4.6,0.1,1.7,0.2,0,5.4,1.2,17.7,0.2,149.4,0,0,0,0,214,7.6,0.1,2,5.4,1.3,0.8,96.6
2021 Feb,37643.7,4164.2,0,2.9,0,0,173.9,148.1,6.5,4.6,20.6,0.6,5,2.4,1.7,5.3,0.1,0.2,0,206.7,0,0.2,0,1.5,6.1,0,0,3573.9,0,0.9,0.2,2.5,26122.6,0,1.5,15.5,56.6,8.8,4989.7,0,350.8,786.3,1456.1,0.5,106,50.5,2204,6.6,0,0,1792.8,87.1,4,0.2,0.7,5402.5,0.1,0,5.4,0.1,3.4,10,821.5,466,538.3,14.7,0,4566.2,813.8,67.3,1007,442,0.5,46.2,5403.7,71.9,2.3,191.6,33.7,1.5,1.4,53.9,73.7,2.7,29,987.5,916.7,85.5,26.3,170.7,485.5,1.5,10.6,5.4,14.4,251,48.4,45.7,26.2,12.5,244.7,7.7,4.9,74.3,0,123.2,639.7,2,750.6,7.1,1134.7,0,1077.1,0.3,0.1,0,0,0,47.6,0,3.7,0,0,0,6,818.5,165.1,0,0,10.5,0,0.1,0,3.1,0,37.4,0.9,0,5.3,0,1.1,0.1,81.9,3.2,1,17.2,0,128,0,0,0,0,268.6,0,0.3,3.6,2.4,28.1,0.4,60
2021 Jan,39028.6,4580,0,22,118.6,0,283,143.8,7.9,3.5,11.2,1.2,4.2,3.1,1.3,3.5,0.1,0.2,0.2,276.2,0,0.3,0.4,1.3,7.9,0,0,3688.4,0,0.4,0,1.5,27413.7,0.1,98.5,34.2,71.1,11.7,6121,0,441,493.9,1433.8,0.7,63.4,57.6,2210.2,4,0,0,1863.9,203.9,1.7,0,2.9,5553.3,0.1,0,9.1,0.1,39.7,6.5,743.3,347.1,740.4,15.4,0,4930.2,746.4,22.4,716.9,428.3,0,0.8,5749.6,81.5,1.5,119.7,3.8,6,1.3,75.6,105.5,2.5,27.9,1021.3,947.5,46.8,34.2,73.4,528,1.3,14.2,2.6,51.7,356.2,44.3,47.6,31.5,13.5,249.3,8.3,5.4,96.7,0,128.4,753.2,4,858.4,6.4,705.5,0,634.4,0,0.1,0,0,0.1,62.3,0,7.7,0,0.1,0,0.7,579.9,74.4,0,0,2.9,0,0,0,0.1,0,9.1,0.2,0.1,3.7,0,0.7,0,79.3,1.3,0.8,18.6,10.6,223.7,0,0,0.5,0,39.6,0,0.2,2.5,2,17.7,0.5,91.3
2020 Dec,40154.5,4676.4,0,6.3,0,0,304.5,143,6.5,114.8,22.9,0.7,5.8,3.4,0.9,2.5,0,0.2,0.1,217.6,0.1,0.2,0.1,3.4,16,0,29.4,3794.2,0,1.3,0.1,2.4,28200.4,0,1.4,25.6,99.1,29.1,6202.3,0,762.8,636.5,1455.3,1,171.1,57.1,2198.9,4.4,0,0,2111.5,84.8,0.8,0.1,2,5226.1,0.2,0.3,10.5,1.3,114.3,8.6,818.1,205.3,718.9,23.6,0.1,4911.7,938.7,28.1,899.6,448.9,0.9,1.5,6087.4,82.6,1.5,133.4,3.5,1.4,1.1,71.1,143.2,2.4,34.8,1141.6,980.3,10.4,52.9,250.7,613.7,1.9,7.8,11.9,32.2,257.9,109.3,57.3,37.6,18.6,328.2,13.7,4.8,122.9,0,161.4,631.2,4.3,755.3,6.3,540.9,0,432.8,0.2,0.1,0.1,0,0,92.2,0,11.3,0,0.2,0,4,649.4,159.6,37.1,0,5.2,0,0.1,59.7,0.7,0.1,4.8,6.2,75.2,2.5,0,1.6,0,60.7,2.9,1.3,16.9,0.2,83.2,4.8,0,0,0.4,36.8,0.1,0.3,1.9,2.5,11.1,0.6,73
2020 Nov,38477.9,4588.2,0,29.7,152.9,0,302.1,141,4.8,5.3,28.6,1.4,3.7,5.1,1,1.8,0,0.1,0,356.4,0,2.1,0.1,5,8.9,0,0,3536,0,1,0.1,1.1,25844.9,0,13.8,14.1,26.8,47.2,6280.7,0,450.6,589.7,1369.3,0.2,285.8,66.8,1996.1,4.4,0,0,1825.9,136.5,0.4,0.3,0.9,4918.8,0,0.4,10.8,0.1,17.4,4.4,785.9,367.1,499.1,6.6,0,4524.4,741.3,30.2,374.5,452.7,0.3,1.6,6133.5,65.7,0.9,209.5,3.2,4.1,1.3,89.8,45,3.7,35.7,1498.9,978.2,10.4,43.7,252.2,476.8,2.2,12.2,3.8,14.9,296.8,54.4,53.1,32.6,12.9,261.8,8.3,4.6,102.4,0,111.3,798.2,3.7,635.4,5.6,1412.8,0,1279.4,0.5,0.4,0,0,0.2,123.9,0,2.9,0,0,0.1,5.3,498.6,80.7,1.7,0,6.8,0,0,0,2.6,0,2.4,2.3,0.2,6.3,0,0.5,0,0,1.7,1.5,19.3,2.5,28.1,0,0,0,0.3,33.5,0.3,0.1,11.1,2.1,15.1,1,278.8
2020 Oct,38173.8,4869.7,0,5.1,0.1,0,153.7,153.1,5.6,2.5,14.6,1.9,5.6,4.1,1,1.6,0,0.2,0,327.6,0.1,0.6,0.1,9.4,18.6,0,0,4161.8,0,0.5,0,1.9,26127.9,0,0.7,10,54.5,129.7,5142.6,0,551.3,603,1456.2,0.5,393.5,55.8,2323.8,2.6,0,0,1863.3,164.9,1.8,0.1,0.4,5249.3,0,0,8,0.1,13.8,30.6,757.5,255,476.9,8.8,0,4502,906.2,33.5,666.9,461.1,2.2,1.4,6285.4,78.1,1.4,83.7,3.9,1.4,1.8,64.1,43.5,3.3,35,1922.4,980.9,11.4,42.7,187.2,487.9,1.4,8.7,14.6,19.1,303.7,51.5,45.7,24.7,11.6,190.4,8.7,4.6,108.5,0,134.1,597.4,4.2,802.8,5.1,577.3,0,522.4,0.7,0.1,0,0,0,44.7,0,5,0,0.1,0.4,4,313.5,17,58.8,0,4.6,0,0,0,2.8,0,6.9,3.9,37.6,3.6,0,0.6,0,0,1.4,1.7,18.9,0.2,59.5,0,0,0,0,39.4,0,0.7,1.4,2.8,17,1.5,32.8
2020 Sep,38801.4,4886.4,0,3.6,13.7,0,510.8,93.7,6.4,1.5,11.7,1.7,4.4,1.9,0.5,1.4,0.1,0.5,0.1,301,0.1,0.1,0.2,12.2,9.6,0,0.1,3906.5,0,0.1,0,4.3,27823.2,0,28.4,19.3,68,393,5479.6,0,479.1,521.8,1526.9,0.2,188.6,78.7,1968.9,3.1,60.3,0,1784,89.7,25.1,0.1,0.9,5093,0.2,0.5,7.8,1,42.6,5.3,834.7,235.4,1127,12.6,0,4566.5,902.4,23.9,1798.5,387.7,1.1,67.2,5316.9,72.9,2.1,80.8,2.8,1.8,1.6,60.9,70.5,3.3,36.9,1167.2,972.4,11.2,36.7,112.6,409.8,2,10.5,3.5,16.2,373.9,44.6,50.7,25.2,11.6,128.5,7.7,4.4,105.1,0,114.5,597.2,10.5,762.2,5.3,477.7,0,359.9,0.1,0,0,0,0,91.4,0,19,0,0.3,0,6.9,297.2,18.6,0.6,0,1.1,0,0,0.1,2.6,0,2.5,0.6,0.4,6.5,0,0.4,0,0,0.7,0.8,19.7,0.7,139.7,0.2,0,0,0,57.4,0,0.2,1,2.8,2.3,1.3,36.9
2020 Aug,36472.3,4132,0,5.4,6.2,0,204.3,149.8,4.7,0.7,11.5,0.8,7,4.2,1,1.7,0.1,0.4,0,249.7,0.2,0.1,0.1,3.1,3.8,0,0,3476.1,0,0,0,1.2,26052.3,0,51.3,15.8,36.8,632.3,5574.1,0,460.3,524.3,1530.2,0.3,115.1,63,1662.6,4.9,0.3,0,1438.6,232.6,48.5,0,0.4,5070,0,0,6.5,0.9,13.7,15.1,857.1,256.3,649,8.2,0,4235.9,1440.6,53,601.5,416.8,35.1,1.1,5225,62.6,4.2,99.3,4.4,1.2,1.1,47,44.4,2.1,34.7,922,931.9,11.8,29.7,94.1,461.6,1,10.7,3.5,16.9,286.5,82.3,39.8,29.2,13.7,93,9.1,5.9,96.2,0,84.9,818.3,13.3,863,5.4,586.5,0,457.1,0,2.6,0,0,0,62.1,0.1,58.7,0,0.2,0,5.7,476.5,123.7,0,0,3.9,0,0,0,3.6,0,5.3,0.3,0,74.9,0.1,1,0.3,55.1,1.2,0.5,15.5,9.2,64.1,0,0,0.7,0,51,0,0,1.5,19.1,0,1.1,44.3
2020 Jul,37843.6,4667.3,0,33.6,63.1,0,190.3,186.8,5.7,8.2,10.6,65,5.8,2.1,0.8,3.8,0,0.1,0,262.1,0,0.1,0.1,2.5,7.2,0,0,3815.6,0,1.7,0,1.9,26767.4,0,71.4,23.3,25.9,683.8,5539.2,0,528.7,737.6,1602.9,0.5,101.7,67.8,1956,9,0,0,1808.7,402.6,35.6,3,0.5,5094.9,0,0.4,25.1,1.2,79.9,5.4,973.4,232.3,455.7,16.1,0,4299.9,1205.6,24.6,384.8,368.5,0.1,1.2,5475.3,74.3,2.2,102.3,3.4,0.9,1.2,72.3,95.6,1.9,44,1088,1061.1,11.7,34.1,104,382.4,1.7,7.1,29.4,19.7,252.3,55.2,38.3,39.3,15.4,108.3,8.1,6.3,116.9,0,123.6,726.9,11.1,830.6,5.5,493.1,0,380.6,0.2,0.2,0,0,0.2,98.9,0,10.9,0,0.4,0,1.7,440.6,113.5,0,0,5.9,0,0,0.1,3.3,0.2,16.8,0.4,15.8,9.3,0,0.6,0,34.8,2.8,2,17,11.4,123.6,0,0,0,0,31.9,3.5,0.2,7.1,3.5,1.4,1.3,34.2
2020 Jun,35120.9,4686.2,0,4.4,0,0,418.1,178.3,6,1.5,9.4,0.9,3.6,2.2,0.2,1,0,0.2,0.1,221.9,0,0.2,0.2,1.5,8,0,0.6,3825.4,0,1.8,0,0.7,24779.3,0.1,41.4,12.1,36.5,618,5288.2,0,536.1,695.1,1337.8,0.7,149.8,70.4,1754.6,1.8,0,0,1506.8,29.3,13.5,0.1,0.4,5247.9,0,0.1,8.4,0,2.6,3.1,889.8,292.1,405.4,5.7,0,4333.5,801.4,64.5,318.2,312.7,0.6,0.7,4960.7,62.2,1.5,73.5,2.9,1.2,2.8,69.5,41.2,4.3,40.7,895.5,978.8,11.8,29.8,111.7,442.7,2,10,23.6,26,273.1,94.9,40.9,40.3,11.2,97.7,6.7,4.2,90.9,0,125.2,560.4,39.3,739.5,4.5,456.4,0,330.1,0.1,0,0,0,0.2,73.9,0,51.3,0,0,0,0.8,238.2,43.4,13.5,0,3.2,0.2,0,0,2.4,0,4.6,0.5,0,6.2,0.2,1.1,0.1,11.8,0.5,2.1,18.2,0,66.2,0.1,0.1,0,0,53.7,0,0.1,0.1,1.1,0.1,0.7,7.9
2020 May,31458.2,4259,0,5.1,0,0,288.8,148.8,5,8.6,11.4,0.3,5.5,1.6,0.3,1.5,0,0.3,0.1,213.5,0,1.3,0,1,8.3,0,0,3555,0,1.3,0.1,1.2,21718.9,0,12.6,3.7,49.8,661.6,4843.7,0,170.7,436.3,1226,0.3,41.6,60.2,1785.1,1.2,0.1,0,1285.2,159.1,0.3,0.2,0.6,4002.2,0,0,7.7,0,2.2,3.5,733.5,263.4,425,9.6,0,3711.6,995.8,34.1,453.3,337.5,0.3,0.7,4629,55.5,3.6,77.9,4.2,2.1,3.8,60.8,65.3,1.9,31.7,690.1,892.2,11.2,21.9,93.9,295.4,1.2,10,3.4,15,255.2,66.7,35.8,28.3,10.6,85.2,7.1,8.1,111.4,0,116.1,446.2,6.3,1104,6.8,441.8,0,328.5,0,0,0,0,0,91.2,0,21.6,0,0,0,0.5,409.6,3,28.7,0,9.3,0,0,0,2.5,0,35.1,1,0,7.4,0,0.8,0,0,0.6,0.5,13.3,1,24.5,0,0.1,0,0,33.3,0,0,1.3,1.6,0,2.4,243.1
2020 Apr,35878.8,5183.5,0,6.5,0,0,237.6,248.4,4.5,2.9,17.3,0.3,7.9,1.6,0.6,0.4,0,0.3,0,225.5,0,1.5,0,2.9,13.7,0,0.1,4408.7,0,2,0,0.7,24534.5,0,26.2,4,96.2,77.2,5583.2,0.1,302.9,276.2,1735.6,1.3,151.9,48.2,2168.4,1.1,0.9,0,1815.3,75.7,0.4,0.1,1.2,3387.4,0,0,9.9,0.1,5.3,4.9,600.2,394.3,432.7,8.4,0,3910.1,1983.2,58,526.6,832.5,0.1,14.9,5150.6,95.2,0.7,127,3.9,4.9,1.1,71.5,62.5,2.9,34.6,912.8,1160.8,15.5,30.5,116.9,347.8,1.4,9.9,44.1,23.6,269.3,50.8,49,33.4,12.9,71.8,12.9,5.6,83.3,0,129.2,482.7,25.6,849.8,6.4,637.6,0,480.8,0.1,0,0,0,0,70.1,0,86.1,0,0,0.4,0.2,372.6,85.2,111.3,0.9,29,0,0,0.3,6.9,0,14.7,0.3,0.5,10.3,0,2.2,0.2,0,3,0.2,15.2,0.9,11.2,0.2,0.5,0.1,0,43.3,0.1,0,5.9,2.1,1.6,0.3,26.1
2020 Mar,40433,5910.8,0,16.5,0,0,310.9,228.5,6.8,4.4,29.3,0.5,6.4,4.2,1.7,9,0,0.3,0,266.8,0,0.2,0.2,1.9,19.2,0,0.1,5001.6,0,1.1,0.1,1.2,26783.6,0,2.9,27.3,70.9,162.3,5979.9,0,364.2,703.5,2093.3,0.8,126.4,79.8,2606.4,3.3,1.3,0,2006.5,118.3,1.1,0.2,0.5,4295.4,0,0,32.2,0.3,26,7.1,758.7,656,435.9,6.5,0,3852.7,1087.8,75.4,635.9,563.5,0.2,0.8,6333.3,74.8,0.5,136.2,4.4,1.6,0.8,54.1,54.6,4.4,45.9,1233.3,1115,12.4,35.2,100.6,511.9,1.9,8.6,5.8,20.4,296.5,69,53.4,23.5,13.4,83.1,11.6,6.6,130.5,0,220.8,832.3,27.8,1136.2,6.2,845.9,0,743.6,0.5,0.2,0,0,0,100.2,0,1.3,0,0,0,0.1,559.4,116.6,214.1,0,10,0,0,0,3.6,0.2,21.6,0.6,45.2,27.1,0,1.3,0.1,0,3.9,1.4,15.9,0.7,1.5,0.7,0,0.1,0,71.9,0,1.2,3.2,3.4,1.1,1.5,12.5
2020 Feb,39472.6,5314.1,0,3.1,37.1,0,331.2,200.2,7.3,0.9,21,1.5,4.9,2.4,0.5,8.1,0,0.2,0,240.2,43,0.4,0.1,2.5,9.6,0,0,4398.3,0,0.5,0.1,1,26588.1,0.1,1.1,19.6,242.8,196.9,3978.9,0,226.7,601.1,2180.9,0.7,177.9,100.4,2427.1,3.6,0,0,1927.1,181,1.3,0.2,2.4,4985.9,0.1,0.1,14.3,0.3,13.6,7.8,759.5,1012.1,673.3,9.4,0,3647.7,1371.9,70.8,1134.2,570.8,0.1,46.5,6209.6,73.2,0.3,176.9,96.9,1.7,1.2,61,124.3,4.9,34.7,1123,1003.4,12.1,25.3,106.5,493.8,0.9,7.2,2.7,14.9,231.4,71.1,58.5,25.9,12.2,140.4,8.3,3.8,130.1,0,98.2,724.4,10.5,1321.7,8,694.7,0,500.4,0.1,0,0,0,0.1,71.8,0.1,121.5,0,0,0.2,0.4,666.1,134.6,20.7,0,7.4,0,0,0,7.2,0,117.1,81.9,0.2,7.7,0,0.8,0.2,110.6,4.8,1.1,18.5,0.4,0.7,0,0.2,0,0.2,55.4,0.1,0.1,3,3.7,16.5,1.3,71.8
2020 Jan,41180.2,5844.1,0,6.2,0,0.1,404.7,568.8,7.7,33.2,22.2,1.2,4.8,2.1,0.3,1.7,0,0.2,0.1,276.7,0,0.7,0.1,3.4,8.2,0,0,4497.9,0,1.2,1.3,1.3,27128.1,0,0.7,51.2,278.3,17.1,5469.8,0,391.4,818.9,1737,0.3,578.6,63.3,2138.9,2.5,2.4,0,2078.1,402.3,0.5,0.2,1,4979.3,0.1,0,16.3,2,57.5,7.5,730.3,699.1,670,8.9,0,3571.4,1119.9,30.9,816,382,0.1,4.4,6859.7,80.1,0.3,124.2,4.1,2.1,1,61.7,84.9,4.4,29.9,1491.4,1127.3,10.3,24.2,87.5,512,1.3,22.2,9.2,42.9,284,58.7,50.7,43.1,17.8,309.9,9.5,4.1,122.5,0,118.5,970.9,38.4,1104.1,6.5,819.7,0,695.5,0.3,0.1,0,0,0,121,0,1.9,0,0,0.6,0.3,528.6,110.7,60.3,0,12.3,0,0.2,0.5,2.3,0,4,40.6,75,10.1,0.2,0.6,0,0,8.6,0.6,19.5,12.2,1.2,0,0.1,0,0,69.6,0,2.2,0.3,3.3,1.3,0.9,92.2
2019 Dec,41580.6,5686.4,0,3.8,0,0,164.2,234.1,5.4,61.2,21.6,0.8,5.2,3,0.5,1.1,0,0.3,0.1,538.3,0,0.3,0.1,3.6,12.3,0,0,4625.2,0,2.3,0,2.7,27688.7,0,32.8,24.1,147.8,25,5992.6,0,705.2,705,1560,0.8,524.5,74.9,2327.2,2.4,0,0,1644.9,349.5,0.9,0.1,1,5391.2,0.1,0,18,0.4,10.3,9.5,728,629.9,600.5,25.1,0,3625.7,831.1,65.3,1249.3,354.7,0.9,29.7,6314.8,79.9,0.2,148.6,4.3,5.1,1.2,71.9,44.1,12,41.4,1305.9,1090.8,12.2,35.8,93.1,547.8,1.1,8.2,2.2,66.9,243.9,85.5,66.7,40.9,19.5,248,9.5,6.3,157.1,0,121.5,608.4,5.6,1122.9,6.6,1369.3,0,1248.1,0.4,0.1,0,0,0,104.8,0,14.8,0,0.1,0,1,521.4,102.1,0,0.1,8.3,0,0,0,1.3,0.1,81,0.8,67,11.3,41.5,3.1,0.1,0,14.3,0.8,22.6,0.1,73,0,0.1,0,0,59.8,0,0,0.1,2.9,5.9,1.4,23.6
2019 Nov,42489.9,6274.7,0,5.5,0,0,240.5,275.4,3.9,1.4,26,0.6,5,2.5,0.4,0.5,0.2,0.4,0,267.1,0.1,0.4,0.2,4.1,7.6,0,0.1,5428.5,0,2.9,0.1,1.3,27905,0.1,36.9,23.4,89.5,61.9,6389.4,0,501.7,552.5,1708.4,0.4,331,102.3,2220.7,1.5,0,0,1445.3,439.1,1.4,0.4,1.1,4764.9,0.1,0.1,11.6,0.3,3.8,8.6,747.7,722,1128.6,9,0,3674.2,743,66.1,1714.6,385,0.4,17.8,6827.1,73.5,0.3,112.2,5,3.4,1.4,68.9,53.7,24.3,31.8,1607,1076,14.5,32.9,111.9,544.1,2.4,10.1,70.7,20.6,382,71.8,53.6,40.7,18.1,244.3,8.3,4.4,146.3,0,100.7,793.8,33.8,1057.5,7.1,841.1,0,729.7,0.3,0.1,0.1,0,0,107.8,0,2,0,0.1,0.7,0.4,642,50.6,123.8,0,3,0,0.1,0,1.1,0.2,96.7,0.4,61.6,13.9,0,0.9,0,69.8,5.2,0.6,21,1,25.8,0,0.1,0,0,66.9,0,0.1,0,2.3,26.7,2.5,67.6
2019 Oct,42282.5,5754.5,0,6.2,0,0,273.2,235.6,7.2,1.5,27.8,1.2,4.9,1,0.7,2.3,0,0.2,0.1,279.2,0,0.9,0.1,3,11.6,0,40.7,4850.1,0,5.4,0.1,1.4,28378.3,0.7,0.8,23.7,5.5,176.3,6125.5,0.1,350.7,802.5,1836.5,0.2,268.7,57.4,2377.5,2.2,92,0,1688.8,363,0.7,0.1,2.9,4982,0.1,0.1,31.5,0.5,28.3,9.5,715.2,504,844.1,8.2,0,4397,872.6,99.9,1264.3,361.4,0.8,82.7,6624.7,76,0.8,148.9,31.4,2.4,0.8,68.8,112.6,6.5,47.4,1539.9,1090.6,9.4,31.5,91.2,499.7,2.5,7.5,4.5,25.1,248.6,127.7,52.4,33.6,19.7,323.8,9.5,6.1,144.8,0,129.3,680.4,15.9,1028.9,6.6,941.8,0,797.5,7.2,0,0.1,0,0,127.6,0,3,0,0,0.4,6,583.2,90.3,83.2,0,4.8,0,0.1,36.2,1.6,0.1,2.7,41,0,16.5,0,1.6,0,43.5,0.7,0.8,21.5,9.5,60.1,0.1,0.1,0,0,50,0.2,0,0.1,28.6,21.5,0.7,67.9
2019 Sep,39450.6,5633.1,0,3.7,7.5,0,197.2,210,6.8,1.4,24.5,0.5,4.3,0.8,0.7,2.9,0,0.1,0.2,265.3,0,1.2,0.1,1.3,11.9,0,0.1,4726.8,0,0.4,163.5,1.7,26350.3,0.1,41.8,25.7,31.9,362.4,5610.9,0,304.6,869.6,2041,0.1,278.6,83.8,2093.9,4.1,89.5,0,1534.5,123.8,1,1.2,0.8,4714.7,0,0,15.6,1,101.9,6.9,734,416.1,547.3,7.9,0,3766.9,863.3,100.3,1202,371.8,0.5,0.8,6310.1,73.7,1.7,109.3,4.1,1.3,0.7,63,59.1,2.5,35.9,1553.2,1084.8,12,33.9,72.5,350.2,3.6,12.5,3.5,20.1,262.8,50,47.3,28.6,16.5,420.4,9.2,9.8,130.2,0,104.3,753.2,10.9,961.6,7.5,866.8,0,753.4,0.4,0,0,0,0,79.1,0,33.3,0,0,0,0.6,290.4,38.2,1.5,0,2.8,0,0,0,1.5,0,2,1.2,134.5,10.4,0,0.9,0.1,0,0.6,2,20.9,0.6,0.8,0.1,0,0,0,42.2,0.1,0.3,4.1,1.6,0,1.6,22.3
2019 Aug,40998.2,6128.8,0,7.4,0,0,178,201.9,5.1,1.3,15.7,0.9,4.8,1,0.7,3.8,0,0.2,0.1,327.7,0,1,0.2,2.3,9.2,0,0,5362.1,0,3,1.6,1.1,26671.9,0,39.3,23.1,61.3,818.1,5045,0,354.8,960,2047.7,0.4,446.6,55.9,2057.2,2,1.2,0,1223,160.6,0.7,0.3,0.6,4647.1,0.1,0.2,37.3,0.2,3.8,11.8,789.5,356.9,758.2,9.1,0,3945.6,902.3,131.4,1229.3,549.6,0,1.7,6533.8,83.1,1.2,110.5,4.1,2.3,1.3,55.2,57,3.8,40,1384.5,1141.9,11.9,32.5,76.2,451.5,3.4,7.2,3.4,21.8,497,48.2,52.4,26.1,14.4,354.7,7.9,7.6,140.9,0,118.9,713.7,5.2,1044.7,9.5,1015.1,0,912.4,0.3,0.4,0,0,0,72.5,0,28.3,0,0.1,0.6,0.3,648.6,206.4,62.5,0,37.9,0,0,0,1.3,0,4.2,0.3,0,14.4,0.1,1.8,0.2,46.2,0.3,2,16.4,0.6,71.8,0.3,0,0,0,43.6,0,0,1.4,1.9,51.5,3,80.5
2019 Jul,42030,5986.2,0,8.8,0,0.1,193.8,163.9,7.3,31.6,11.2,1.2,4.8,1.2,0.7,4.6,0,0.2,0,288.1,0.8,54.2,0.1,1.9,8,0,0.1,5126.3,0,1.8,73.1,2.4,28473.3,0,2.3,25.2,60.6,710.6,5612.2,0,246.8,782.7,1946.3,0.1,363,85.6,2149.5,5.4,1.2,0,1438.3,95.2,1.3,0.1,0.9,4899,0.1,0.1,11.9,0.3,7.3,12.2,755.7,560.6,1010.7,7.9,0,3918,1081.5,107.2,2074,498,0.3,1.2,6325.3,85,2.7,140.2,3.5,2.1,1.7,57.9,53.5,2,41.8,1377.2,1194.5,12.1,33.1,94,486,3.1,110.6,7.2,16.6,298.6,48.1,46.8,36.2,17.6,256.1,9.9,7.3,153.3,0,124.5,657.3,55.4,881.7,7.6,815.3,0,665.9,0.6,0.3,0.1,0,0.1,107.4,0,39.8,0,0.7,0.2,0.2,430,91.3,0,0,2.5,0,0,0,1.8,0.2,57.4,0.4,70.7,12.9,0,0.6,0,0,2.3,1.7,18.7,0.3,1,0,1.8,0.1,0,46.1,0,0.2,2.2,2.8,1,1.3,112.3
2019 Jun,38979.9,5876.4,0,7,0,0,157.8,191.5,7,0.9,9.4,0.7,6.7,1,1,5,0,0.8,0,241.9,0,0,0.1,1,36.7,35.1,36.1,5125.4,0,9.8,0,1.4,26052.4,0,40.9,24.1,97.7,645.6,5061.6,0.1,362.3,509.6,1713.9,0.5,607.2,47.5,2054.4,2.6,0,0,1470.3,235.8,0.4,0.1,0.9,4233.8,0,0.2,12.4,0.1,20.4,6.9,747.7,634.6,980.5,8.4,0,3577.3,1225.5,128.6,1208.7,391.1,0.1,0.6,6054.8,69.3,1.4,154.6,4.2,1.4,1.1,43.9,41.8,1.5,33.8,1247.6,1016.8,27,31.7,75.4,420.6,4.6,11.4,9.8,18.7,270.9,73.3,55.7,41.6,11.9,581,9.6,7.1,112.8,0,123.6,668.8,23.1,852.7,6,503.7,0,441.9,0.1,0.2,0,0,0,59.8,0,1.4,0,0,0,0.2,492.6,105.6,0,0,2.9,0.1,0,0,0.3,0.1,4.5,0.4,82.9,8.8,0,1.1,0,0,1.5,1.6,19.6,0.1,76.8,0.4,0.6,0,0,60.5,0.3,0.1,0.1,2,1.1,2.1,119.2
2019 May,42637.6,5797.3,0,5.6,0,0,143.1,213.3,6.4,1.5,10,1,4.2,2.2,0.6,2.7,0.1,0.2,0.1,323.6,0,0.3,0.1,1.2,101.2,0,0,4969.2,0.1,9.5,0.3,0.8,27541,0,1.7,31.7,4.9,11.2,5635,0.1,249.6,938.9,1768.7,0.4,319.1,52.9,1981.3,3.6,0,0,1639.4,448.7,0.9,0,0.9,5260.8,0.1,0,13.8,0.2,5.6,8,759.5,819.6,900.3,8.3,0,3909.6,835.5,46.6,1390.4,492,0.4,1.2,7987.4,85.5,3.1,220.4,3.9,2.1,0.5,51,89.8,3.8,41.8,1692.4,1201.6,13,31.4,79.2,479.8,3.1,7.5,5.3,19.9,510.8,174.7,98.6,36.2,17.2,812.3,9.1,9.7,142.4,0,171,944.1,42.9,977.2,6.2,889.4,0,717.1,0.4,0.2,0.1,0,0,147.8,0,23.4,0,0.2,0,0.3,422.5,9.3,56.2,0,6.2,0,0,0,2,0,5.6,0.5,0.1,13.6,0,2.1,0,43.1,1.3,1.5,18.3,8.9,58.2,0.1,0.1,0.1,0,51.8,0.1,0.1,0.2,2.4,32,0.3,108.3
2019 Apr,41294.9,6128,0,14.9,0,0,159.3,380.7,5.6,1.3,14.3,0.7,5.1,2.7,0.7,1.7,0.3,0.6,0.2,242.8,0.2,0.1,0.1,1.7,8.4,0,0,5275,0,10,0,1.5,26807.2,0,12,23.6,3.8,12.8,5580,0,649.9,672.9,1394.2,0.5,364.9,63.8,2369.4,47.3,0,0,1545.6,101.5,1.5,0.3,0.8,4770.8,0.2,0.1,37.7,1.5,5.2,8.6,989,684.6,1325.9,9.5,0,3603.9,715.7,33,1366.9,408.5,0.5,1,7157,83.6,2.7,134.3,3.5,1.4,18.2,56.2,41.7,4.4,40.2,1109.3,1238.4,11.6,29.6,67.1,485.2,3.2,10,3.6,17.3,541.2,109.9,39.6,50.9,13.8,967.7,12.9,9.2,126.2,0,139.4,852.4,30.6,895.4,6.3,820.3,0,663.2,0,0.1,0,0,0.2,81.1,0,74.6,0,0.8,0,0.2,382.4,0,0,0,5.3,0,0,0.1,1.1,0.2,55.6,0.3,61.6,14.2,0.1,0.7,0,27.4,4.3,1.3,21.5,5.5,68.4,0.1,0.1,0,0,48.8,0,0.5,2.8,2.4,29.1,0.6,30.4
2019 Mar,40340.1,5528.7,0.1,6.1,0,0,79.4,205.1,5.5,1.3,11.2,1,4.1,1.3,1.1,2,0,0.2,0.1,271.7,0.2,0.4,0.1,1.5,7.2,0,0,4925.9,0,1.7,0.2,1.5,26773.8,0,59.7,30.8,6.1,10,5584.7,0,539.1,627.3,1823.9,0.6,546.7,50.9,2456.8,1.4,0.1,0,1848.6,240.3,0.8,0.1,1.3,4774.1,0.1,0,21.7,0.1,67.2,9.4,946.2,544.5,905.5,9.7,0,3336.4,847.6,67.1,952.3,460.5,0.6,1.6,7128.7,92.3,2,222.4,3.2,1.2,1.1,58.2,47.3,5.2,45.1,1309.2,1235.6,11.5,31.3,87,534.3,2,21.2,7.7,20.2,356.1,147.1,60.3,48.8,18.1,374.4,9.5,7.9,136.9,0,139.4,970.8,35.6,1081,5,518.9,0,355.7,0.7,0.1,0.1,0,0,137.7,0,24.4,0,0,0,0.1,390,0,0,0,4.7,0,0,0,1.1,0,41.3,0.1,0,14,0,0.3,0,138.1,2.5,3.7,17.5,7.8,37.7,0.1,0,0,0,44.4,0,0.1,0,2.7,12.7,1.5,59.5
2019 Feb,36074.4,5381.1,0,8.5,6.7,0,125.9,179.1,9.2,62.1,7.8,1.7,4.1,2.5,1.4,1.4,0,0.6,0,245.7,0,0.2,0.1,0.8,6.1,0,0.1,4506.7,0,1.4,208.3,0.8,22762.9,0,54.4,26.5,9.4,14.1,4037,0,196.8,670.2,1704.5,0.4,802.3,55.3,2111,2.7,0,0,1615.7,165.2,0.3,0.2,1.5,3825.7,0.1,0,32.6,0.1,16.1,9,874.6,710.8,1102.3,8.3,0,2801.4,760.1,117.4,753.9,281.5,0,1.8,6730.3,79.8,2.1,104.3,3.2,1,17.7,42,47.7,4.4,37.1,1152.2,1042.8,8.4,26.5,67.5,356.5,2.2,10.5,3.7,21.1,301.9,511.1,39.2,38.9,11.2,794.9,8.8,6.8,103.2,0,118.4,676.4,9.2,1074.2,5.4,787.2,0,716.8,0.1,0.2,0,0,0,68.9,0,1,0,0,0,0.2,413,0,43.8,0,2.3,0.1,0,0.4,1.4,0,54.3,0.3,36.2,13.9,0,0.7,0,148.9,0.5,1.6,20.3,0.5,0,0,0.1,0,0.1,44.7,0.1,0.2,0,2.2,0,3.6,36.8
2019 Jan,41553.6,5543.6,0,13.2,0.1,0.7,95.2,207.5,13.1,52.3,11.3,2.7,3.5,2.4,0.8,5.6,0.1,0.2,0.1,247.4,0.9,0.3,0.1,0.9,9,0,0,4791.4,0,2,80.4,2.3,27643.4,0,66.4,34.5,56.7,15.6,6216.6,0,302.4,594.3,1747.2,0.9,524.5,56.4,2228.2,30,87.4,0,1596.7,235.1,1.4,0.1,6.2,4608.9,0.1,0,13.5,0.2,6.7,8.9,892.2,743.7,1351.4,10.1,0,3612,766.6,97.5,1308.8,420.4,0.4,1.7,7489.3,89,2.4,142.7,2.9,11.4,1.5,55.6,53.1,54.6,37.3,1314.6,1102.6,92.1,30.3,82,501.5,2.8,13.7,13.1,85.3,356.2,113.9,34.9,48,12.4,1058.1,10.5,7.2,104.1,0,159.3,769.6,23.4,1095.5,7.5,614.4,0,533.9,0.5,0.3,0,0,0,77.2,0,1.1,0,0,0,1.4,262.8,0,0.2,0,2.2,0.1,0,0.5,1.5,0,76.6,0.1,0.1,15.6,0.1,0.5,0,0.4,5.6,1.1,21.1,0.2,0.6,0,0,0,0.6,41.6,0,0,0.3,2.2,0.7,1.9,89.1
2018 Dec,42566.5,6184.6,0,5.9,34.2,0,205.9,205,43.4,119.1,9.2,0.5,5.3,1.3,1.4,2.4,0,0.3,0,326.8,0,0.4,0,1.2,20.7,0,3.2,5077.3,0,1.1,119.3,0.5,27352.6,0.1,47,23.3,83.3,12.8,5709,0,346.4,761.9,1824.9,0.9,170.9,73,2594.3,2,0,0,1497.8,390,1.7,0.1,2.2,4874.2,0,0,14.3,0.2,2.7,9.4,836.3,763.4,1259.9,9.7,0,3589.3,864.1,115.8,1081,384.3,0.2,5.8,7742.8,86.5,0.9,208.4,44.4,1,20.6,60.7,54.2,5.9,48,1578.8,1141.4,60.5,30.4,134.4,554.9,3.5,21.8,43.7,20.5,482.5,48.8,44.4,41.9,14.9,714.4,15,9.6,114.8,0,113.5,958.9,37.1,1020.6,5.9,895.3,0,744.8,0.2,0.2,0,0,0.1,88,0,61,0,0,0.3,0.6,391.1,0,10.9,0,37.5,0.2,0.5,0,0.1,0.1,24.6,0.5,26.9,11.4,0,0.8,0,108.5,0.7,2.9,24.2,0.5,8,0.1,0,0,0,60.1,0,0,4.7,6.8,6,2.6,52.6
2018 Nov,45114.6,6013.9,0,6.6,0,0.1,199.9,230.3,8.1,92.7,10.5,1.8,3.8,1.1,1.4,0.3,0,0.2,0,290.5,28.3,0.7,0.2,2.9,9.2,0,0,5055,0,1.6,67.7,1.1,29765.8,0,0.9,31.9,90.1,14.4,5832.5,0,354.9,951.8,1563.3,0.4,558.7,63.2,2615,3.2,117.5,0,1550.8,411.8,1,0.2,1.8,4880,0,0,20.9,0.2,230.4,7.1,1013.6,938.2,1843.6,8.9,0,4020.5,912.4,149.3,1171.6,400.8,0.2,4.5,8032.7,87.9,2.1,124.4,30.7,2,1.2,47,45,39.8,34.6,1673,1144.1,9.2,32.8,114.5,518.8,76.5,14.2,1.4,138.9,401.2,127.5,74.3,53.8,16.9,698.8,12.8,6.1,119.4,0,134.5,1242.9,14.5,984,8,875.7,0,765.6,0.8,0.2,0.1,0,0.6,103.3,0,3.6,0,0.8,0,0.8,426.5,0,0.4,0.1,1.1,0,0,0.1,0.6,0.2,34,0.8,0.1,12,0,0.5,0,120.5,0.7,1.6,21.4,3,0.2,0.1,0,0,0,59.9,0,0,1.4,2.4,40.2,0.4,125
2018 Oct,47127.1,6409.9,0,8,6.6,0,203.6,176,8.7,1.6,10,0.6,3.8,1.4,1.4,0.4,0,1,0,243,0,0.1,0,3,25,0,0.1,5659.7,0,3.2,51.4,1.2,31710.5,0.1,33.3,37.2,153.5,10.6,5974.4,0,442.8,1054.9,2001.4,0.4,413.3,53.1,2830.2,0.8,0,0,2007.8,430.5,0.3,0,2,5612.9,0,0,13.7,0.3,69.4,6.5,944.5,1019,1944.4,11.5,0,3923.5,1030,60.4,1238.3,387.7,0.3,1.3,7805.9,97,1,156.3,3.2,2.2,1.1,61.3,52.7,2.7,40.2,1500,1222,10.3,37.7,112.7,499.4,3.2,12.9,37.3,37.6,374.2,57.9,44.2,39.4,15.8,688,15,9.6,112.9,0,180.4,1304.7,28.1,1031,14.1,801.7,0,635.2,0.6,0.2,0,0,0.1,93.9,0,70.8,0,0.7,0.1,0.1,399.1,0,0.1,0,1.1,0.1,0.1,0,0.7,0.1,24.7,1.3,0,13.8,0,5.7,0,125.5,1.1,1.5,16.6,0.7,71.9,0.1,0,0,0,66.4,0,0.4,1.7,2.2,5.2,3.7,54.2
2018 Sep,41439.6,5466.5,0,6.4,0,0,194.3,211.4,4.6,64,8.3,0.8,4.4,2.4,0.8,2.5,0,0.1,0,241.6,0.1,0.1,0.3,1.4,42.8,0,0,4583.3,0,2.6,93.4,1,27426.4,0.5,1.7,31.2,45.8,8.1,5370.5,0,467.7,821.9,1621.9,1.2,261.9,56.5,2491.9,2.5,111,0,1719,448.6,0.6,0.1,1.8,4591.9,0.1,0,10.1,0.1,13.3,7,1021.4,791.1,1461,9.8,0,3590.9,867,126.3,1044.9,421.6,0.3,5,7542.6,108.5,1.7,206,8.1,2.4,10.2,58.7,98.3,2.5,32.6,1526.1,1171.8,82.7,27.4,117.4,323,154.4,52.2,4.3,43.2,504.7,45.2,48,35.8,10.3,538.8,10.6,6.4,145.4,0,91.4,1123.6,21.6,916.7,12.4,686.2,0,550.6,0.5,0.2,0.1,0,0,101.7,0,33,0,0,0,0.1,317.9,0,0,0,1.2,0,0,0.5,0.4,0.3,42.2,0.6,0,10,0,0.7,0,50.7,2.3,1.1,14.5,0.4,9.5,1.4,0,0.6,0,43.1,0.1,0,2,1.8,0,1.9,132.3
2018 Aug,43802.1,6031.7,0,4.8,12.9,0,222.7,265.9,5.1,23.4,7.9,0.5,4,2.4,1.2,1.9,0,0.1,0,289.1,0.2,64.3,0.1,1.3,15,0,1.2,5016.8,0,3.2,85.8,1.7,28371.5,0.1,54.8,45.9,37.3,17.8,5730,0,398.6,861.5,1792.1,0.9,386.6,64.8,2276.1,3,2.1,0,1742.9,452.8,0.4,0.2,1.8,4849.4,0.1,0,30.5,0.6,22.4,7.8,904.6,887.3,1258.9,11.5,0.3,3790.2,1053.7,39.8,1224.3,418.7,0.4,1.1,8218.9,88.5,1.7,209.9,3.3,1.8,12.1,47.8,53.4,5.5,31.8,1232.3,1198.1,9.6,30.5,132.1,559.9,75.9,43.2,3.2,57,466,104.3,62,52.3,11.7,648.7,14,7.8,168.7,0,138.3,1451.6,24.5,1260.3,10.9,827.4,0,673.3,0.5,0.1,0,0,0.1,101.8,0,50.7,0,0,0,0.8,352.6,0,0.4,0,1.5,0,0,0,2.6,0,32.6,0.7,0,17.5,0,0.5,0,22.1,0.6,1.3,13.7,0.2,9.1,0,0.1,0,0,180.6,0,0,0.5,5.5,24.7,1.2,37
2018 Jul,44972.5,5590.7,0,6.4,0,0,167.5,225.6,6,93,11.8,0.7,5.4,3.7,1.7,2.7,0,0.4,0,262.1,0.1,0.3,0.2,1.3,14.8,0,0,4782.8,0,3.5,0,0.6,29381.2,0.1,1.4,30.1,34,17.1,5842.3,0,451.9,960.4,1844.1,0.6,423.8,84,2471.7,3.2,12.8,0,1696,180.5,0.9,0.1,2,4984.8,1.1,0,26.7,0.7,13,6.5,907.3,921.6,1621.8,12.8,0,4119,962.3,37.3,1265.4,442,0.3,1.6,8694.4,86.1,0.6,134.3,3.6,1.3,2.1,51.1,49.7,1.3,26.6,1618.8,1175.8,10.1,39.7,106.3,560.9,3.3,39.1,6.8,44.6,638.4,114.9,45.3,39.5,12.2,643.4,14.4,7.5,182.8,0,136.4,1632.1,35.7,1223.3,6.5,773.2,0,662.1,0.3,0.2,0,0,0.2,107.9,0,0.8,0,0,0.1,1.6,533,0,0.9,0,1.9,0.1,0,0,1.9,0.4,50.7,2.6,0,17.1,0,0.6,0,239.8,2.4,1.2,16.1,0.1,0,0.1,0.2,0,0.3,79.7,0,0.1,0.2,1.5,0.7,2.5,111.9
2018 Jun,41054.6,5961.2,2,4.6,0,0,140.2,145.5,6.1,1.3,9.6,1,5.6,2.2,2.3,1.6,0,0.4,0.1,243.7,0.1,0.6,0.1,1.4,55.6,0,0.1,5173,0.1,1.5,160.6,1.8,26804,0.4,1.4,29,35.4,13.9,5560.8,0,539.2,719.3,1408.7,1,539.1,78.4,2341.4,1.4,35.3,0,1436.6,705.5,1.2,0.5,1.3,4611.3,0,0,15.2,0.3,36.2,8.6,846.8,568.5,1266.7,8.2,0,3644.1,957.3,31,969,389.3,0.4,0.9,7126.1,83.7,0.5,109.9,24.6,6,1.5,56.6,50,68.5,39.1,1092.9,1063.3,11.1,33.3,106.3,441.9,68.7,134.2,5.1,52.7,419.5,53.9,73.4,38.6,9.9,687.7,9.4,5.4,147.5,0,102.6,1287.4,2.3,832.5,6.2,828.5,0.1,710.2,0.5,0.1,0.4,0,0.1,66.8,0,49.8,0,0.3,0,0.1,334.9,0,0,0,3.4,0,0,0,1,0,4.8,0.7,0,15.7,0,0.8,0,45.9,6.8,0.6,16.1,0.2,2.3,0.1,0,0.1,0,78.5,0,1.5,0.1,3.2,1.6,0.8,150.6
2018 May,42887.8,5661.3,0,4.2,0.4,0.1,88.6,109.1,4.8,59.5,11.5,0.8,4.8,1.3,1.5,2,0,0.3,0.1,255.5,0.1,0.4,0.2,0.9,9.8,0,0,5017.2,0,0.3,86.8,1.3,28718.4,0,3.1,28.7,66.5,10.1,5899.3,0,505.2,779.4,1741.9,2.8,684.6,56.8,2579.9,2.1,5.4,0,1501.2,680.8,0.7,0,1.2,5219,0.1,0,38.4,0.2,0.6,6.5,909.3,608.3,1208.5,8.3,0,3687.4,1010,45.4,1043.9,380,0.2,2.1,7181.7,90.5,0.5,146.7,3.3,1.6,1.5,71,147.8,1.5,31.8,950,1125,303.7,35.1,102.8,640,2.8,67.6,4.8,61.3,561.2,112.2,65.2,50.4,10.9,733.3,10,12.6,157.6,0,138.1,911.9,2.1,617.6,9.2,793.2,0.3,700.2,0.7,0.2,0.1,0,0,80.1,0,9,0,0.4,0,2.3,533.2,0,37.3,0,4.7,0,0,0,2.3,1,4.3,0.3,0,15.2,0,0.8,0,59.1,18,1.2,15.9,0.6,0.3,0.1,0.1,0,0,56.3,0.2,0.1,8.8,45.9,14.7,1,245.1
2018 Apr,38382.7,5122.6,0,8.3,0,0,191.9,128.8,6.4,1.4,9.4,0.5,4.5,0.7,0.9,1.9,0,0.3,0.1,221,26.7,0.7,0.3,1.6,58.8,0,4.6,4440,0,2.3,11,0.6,26249.7,0,3.9,23.1,42.8,8,5552,0.1,354.8,623.1,1579.8,0.9,256.1,71.6,2518.8,0.8,23.8,0,1509.5,433.2,1.3,0.2,1.6,4823.9,0,0,7.8,0.3,11.6,5.9,778.3,596.8,1712.8,13.4,0.3,3200.5,853.6,42,787.7,378.5,0.3,30.3,6237.3,92.5,2.3,137.9,2.5,1.2,1.5,55.9,50.7,1.6,31.1,1001.7,1117.4,9.3,30.8,94,444.2,1.1,6.2,2.2,16.2,410.9,72.3,49.8,52.7,10.7,646.1,9.6,6.5,176.8,0.2,143.4,1010.7,1.8,536.3,9.4,490.3,0,422.4,0.3,0.5,0,0,0.1,54.4,0,12,0,0,0,0.5,282.7,0,0,0,2.7,0,0,0,1.1,0.1,5.8,0.1,5,11.3,0,1.2,0,10.2,14.4,1.6,14.7,2,0.2,0.4,0.1,0,0,68.3,0,0,0.2,2.5,0,1,139.7
2018 Mar,39745.5,5316.7,0,10,2,0,137,138.1,6,0.9,8.9,1.1,4.3,0.9,1.3,3.1,0,0.3,0.1,267.3,0.5,0.2,0.3,0.8,12.8,0,47.9,4669.1,0.1,1.2,0.1,2,26481.1,0.1,2.5,29.6,30.8,21.7,5140.1,0,470.2,850.2,1781.6,1.1,512.8,88.5,2570.3,2.9,0,0,1590.3,670.6,1.2,0.1,1.1,4710.6,0.1,0.2,33.4,0.1,4.4,5.4,812.3,515.8,1144.3,11.4,0,3112.8,949.3,53.5,914.2,413.8,0.3,33.4,6963,89.2,2.1,101.6,22.3,23.6,1.2,49.3,48.2,2,31.7,1036,1182.3,33.4,31.1,106.5,488.6,1.9,47,6.8,44.5,615.1,50.1,45.1,50.8,10.5,612.4,6.4,5.5,140.1,0,123.8,1167.4,12.7,762.1,11.7,651.5,0,511.5,0.8,0.1,0.1,0,0.1,126.7,0,10.8,0,0.1,0.1,1.2,333.2,0,1.3,0,3.6,0,0.3,0,0.4,0,6.2,0.4,0,9.9,0,1.2,0,68.6,13.6,1.3,13.8,0.2,38.2,0,0.1,0.1,0,76.8,0.5,0.5,0.1,2.5,10.7,0.7,82.3
2018 Feb,34609.6,4113.3,0,6.6,0.2,0,150.6,100.8,7.3,105.6,8.4,0.7,4.9,0.9,0.9,1.5,0,0.2,0.2,257.5,12.5,0.4,0.4,0.7,6.9,0,0,3297,0,1.3,146.4,1.4,23434.2,0,1.8,27,29.3,11.9,4746.6,0.2,285,642.6,1675.6,0.4,313.9,73.3,2471.4,1.6,0.1,0,1350.9,152.9,1.6,0.2,1.4,3943.5,0.2,0,7,0.4,2.5,7.7,770.8,787.4,1144.7,8.8,0,2510.7,825.8,65.4,1301,269.5,0.2,0.8,6061.9,75.6,1.8,95,26.3,16,1.2,37.4,44.9,2.2,26.3,964.5,963.9,75.1,36.4,91.3,442.4,0.7,33.5,10.9,18.7,480.1,58.1,41.5,41.3,9.3,738.9,6,5.6,101.1,0,110.4,814.5,75.1,606.1,10.1,600.3,0,517.3,0.2,0.4,0,0,0.1,79,0,2.7,0,0.3,0.1,0.1,399.8,0,1.8,0,3,0,0,0,0.4,0.1,5.1,0.2,0,10.6,0,0.8,0,0,9.5,1,12.4,0.4,2.2,0,0.1,0,0,63.2,0,0.1,0,29.7,0,3.2,256
2018 Jan,38491.5,4706.6,0,15,0.1,0,196.9,145.8,15.8,55.2,6.6,0.6,5,1.2,1.1,1.7,0,0.2,0.3,268.8,0.2,0.3,0.3,1.4,5,0,0,3792.7,0,2.4,189.1,0.8,26477,0.9,16.1,26,59.3,15.6,5650.7,0.1,295.2,776.8,1701.2,1.3,368.4,83.2,2141.3,2,0,0,1558,542,0.5,0.1,1.3,4645.8,0.1,0.2,48.3,0.2,104.5,8.6,805.5,761.5,1186.2,13.3,0.1,3226.4,908.2,85.3,1046.9,393.8,0.2,2.1,6318,96.9,1.5,177.1,3.2,5.4,1.9,40.3,44.8,2.2,28.5,1245.9,1152.6,107.8,34.4,97.9,389.8,1.9,76.6,7.6,16.9,447.2,98.3,51.4,51.3,12.1,426.8,7.7,9.8,113.9,0,124.7,758.3,36.4,636,10.8,591.8,0,474.6,1.3,0.2,0,0,0,87.7,0,27.6,0,0.1,0,0.2,398.1,0.2,45.9,0.1,2.3,0,0.4,0,1.2,0.4,5.2,0.1,19.5,13.2,0,0.3,0,46.2,8.7,1.6,14.3,0.3,2.9,0.1,0.1,0,0,65.4,0,0.1,1.9,1.9,9.5,2.4,153.8
2017 Dec,40104.3,5014.4,0,4.9,0,0,138.1,137.7,9.4,17.6,13.4,1.8,5.3,0.7,0.9,1.4,0,0.7,0.5,187.4,9.3,30.8,0.2,1.3,6,0,15.7,4169.5,0.3,3.6,229,29,27349.4,0.1,2.6,22.6,58.2,12.3,6198.4,0,373.2,782,1534.2,47.9,383.9,61.3,2703.4,1.1,44.4,0,1548.8,378.5,1.5,0.1,2.1,4559.3,0,0.5,11.3,0.7,3.1,8.8,1014.9,628.8,1380.5,40.6,0,3242.2,890.8,82,914.5,385.2,0.6,28.9,6809.7,86.3,1.3,148.1,37,3.5,0.7,54.3,46,3.5,33.4,1165,1117.2,94.8,29.8,102.6,528.7,1.1,3.7,6.9,20.3,323.3,82.9,73.6,53.2,12.3,651.9,10,6.1,137.4,0,135.3,1140.3,5.7,685.9,7.6,576.9,0,450.2,0.5,0.1,0.1,0,0,70.8,0.1,54.8,0,0,0,0.2,353.8,0,80.1,0,3.1,0.2,0.9,0,0.2,0.1,3,0.2,0,8.4,0,0.4,0,0,11.6,0.8,12.5,0.5,5.8,0.1,0,0,0,61.6,0,0.9,8,2.4,22.8,0.3,129.8
2017 Nov,41477,4895.6,0,5.4,0.4,0,187.3,130.4,6.4,44.9,7.4,0.9,4.9,1.2,0.8,2.4,0.1,0.1,0.1,200.1,0.5,0.3,0.1,0.9,7.3,0,0,3916.7,0,2.5,332.9,41.6,28430,0.1,82.7,28.2,78.1,14.8,6067.8,0.1,373.9,964.1,1942.1,161,95.6,120,2457.4,4.6,0,0,1932.3,610.9,1.5,0.1,2.5,4832.6,0.1,0,11.6,0.7,40.8,6,920.3,720.7,1238.4,10.9,0,3203.4,862.8,90.8,1156.8,372.9,0.9,22.5,6876,88.2,2,137.4,3.4,1.7,1.1,44.5,43.6,2.4,35.7,1172.9,1136,8.3,34.3,121.1,415.9,46.1,2.4,2.3,48.3,364.9,67.2,41.1,58.9,11.3,551.1,13.6,9.6,122.1,0,134.9,1349.3,3.5,791.8,9,992.2,0,859.5,0.5,0.1,0.2,0,0,130,0,1,0,0.4,0.3,0.2,283.2,0,1.3,0.4,2.6,0,0.9,0,1,0.3,3.7,0.1,0,14.7,0,0.7,0.3,68.3,2.6,0.6,12.9,0.3,11.3,0,0.2,0.2,0,80.4,0,0.2,1.1,26.1,7.1,0.8,45.1
2017 Oct,39347.1,4983.1,0,4.6,0.5,0,176.7,135.3,9.4,1.9,7.4,1.1,4.4,1.4,1.2,1.3,0,0.3,0,266.2,63,0.7,0.3,2.2,9.1,0,0,4039.3,0,3.4,252.2,1.3,27283.6,0.1,47.4,28.7,2.1,14.7,4988.5,0,910.5,1160.1,2098.7,148.4,136,87.5,2285.1,2.2,0,0,1860.1,317.2,0.2,0.2,2.3,4764.2,0,0,10.6,0.1,0.5,6,719.2,714.9,1188.6,15.6,0,3360.1,808.6,90.3,1044.9,418.6,0.3,51.1,6292.9,88.4,0.4,206.3,2.7,9.1,0.8,42,43.9,3.8,62.6,960.6,1167.7,79.8,30.9,100.5,409.1,56.2,9,5.9,21.1,355.6,86.5,43.6,45.8,9.8,467.7,7.4,12.4,89.2,0,151,944.2,17.1,750.8,10.8,570.3,0.1,464.9,0.2,0.1,0,0,0.1,75.8,0,26.9,0,0.3,0.4,1.5,217.2,0,0,0.7,1,0.1,0,0,1,0.1,3.3,0.3,0,15.4,0,0.5,0,0,0.2,1.2,15.7,0.5,4.7,0.2,0,0,0,58.1,0,0.2,2.4,2.2,33.6,6.3,69.4
2017 Sep,35732.2,4435.1,0,6.4,2.6,0,107.4,107.4,4.3,31.6,6.2,0.4,5.9,0.9,1.2,1.6,0,0.2,0,174.8,63.7,1.1,0.2,1.1,8.1,0,0,3647.5,0,3.8,253.1,5.7,25101,0,3.8,30.4,25.1,122.2,5041.5,0,357.3,856.6,1753.2,81.2,187.9,64.1,2201.1,2,26.7,0,1992.2,180.5,0.9,0.2,1.5,4180.7,0.1,0,16.4,1.2,41.1,6.2,606.8,601.4,1052.3,8.4,0,3322.7,953.6,49.8,953.2,376.5,0.5,1.6,5484.9,73.2,0.4,98.1,36.4,4,0.9,35.5,47.8,1.4,29.7,1027.8,1055.4,6.1,32.2,95.9,308.9,51,3.1,3.4,23.2,270.4,52.5,30.2,58.4,9.3,510.9,6.6,6.1,90.6,0,116,762.6,30.7,596.1,9.9,462.7,0,377.5,0.5,0.2,0.2,0.3,0.1,63.5,0,19.8,0,0.4,0,0.2,248.5,40,0,0,1.9,0,0,12.8,1,0.1,2.9,0.2,0,12.6,0,0.5,0,17.1,0.2,1.7,12.5,0.4,43.9,0.1,0.3,0.1,0,51.6,0,0.1,0.1,1.2,0.3,4.9,42
2017 Aug,38702.9,4888.7,0,6.8,0,0,154.3,132.7,7.3,82.2,6.8,0.5,6,1.1,0.8,1.3,0,0.1,0.2,213.8,24.6,0.6,0.3,1.3,16.4,0,6.3,4152.3,0,1.8,70,1.3,26491.1,0,36.4,38.1,24.8,53.7,5001.8,0,317.4,882.9,1902.3,114,149.5,98.9,2319.5,2.5,37.5,0,1983.5,353,1.6,0.2,2.9,4795.2,0.3,0.2,12.7,0.2,5.7,6.1,650.4,797.6,885.6,25.9,0,3641.4,850.4,54.1,1065.3,377,0.8,1.7,6491.4,87,0.5,122.7,3.1,3.2,11.7,38.4,42.2,1.6,29.1,1170,1179.5,70.8,44.9,100.6,387.3,28.1,2.6,4.6,19.4,494.4,50.9,53.4,50.6,10.8,592.9,6.8,8.7,104.1,0,127.8,808.8,11.3,808.9,14.7,436.4,0,348.3,0.3,0.1,0,0,0,68.3,0,18.2,0,0.5,0.2,0.5,395.2,64.9,0,0.2,2.4,0.1,0,0,0.4,0.1,3.9,0,0,16.6,0.1,1.8,0.1,43.8,2,2.7,14.9,0.2,3.6,0.5,0,0,0,91.4,0.1,0.2,0,2.4,5,2,136.1
2017 Jul,36874.7,4684.4,0,6.3,0.1,0,124.3,157.6,8.3,57.4,7.1,0.5,3.1,1,1.9,0.4,0,0.2,0,230,152.5,0.1,0.2,20,20.2,0,0,3775.7,0,1.1,114.1,2,24750.6,0.1,1.5,36.6,44.9,16.7,5054.8,0,667.6,811.2,1610.8,133,203.8,55.6,2180.9,0.9,0,0,1933.9,462.8,0.5,0.1,3.7,4377.5,0.1,0.1,11.7,0.2,2.7,5.6,576.2,500.9,809.4,10.9,0,3256.8,738.4,134.3,699.1,405.6,0.2,1.3,6169.1,87.2,0.8,147.2,3.6,2.9,0.6,38.7,43.8,2.7,29,1085.9,1051,10.3,29.6,108.5,557.6,39.9,18.5,1.5,127.6,250.2,110.9,52.3,52.2,11.8,233.4,8.3,6,77,0,148.3,1302.6,3,519.1,7.2,1014.6,0,686.5,0.5,0.1,0,0,0,290,0,36.7,0,0.4,0,0.2,256.1,15.1,10.4,0,2.2,0,0.3,0,3,0,4.7,0,0.5,12.3,0.3,0.7,0.1,44.4,11.5,0.8,13.6,0,2.5,0.1,1.3,0,0,57.5,0.5,0.2,0.1,1.8,3.3,3.2,65.7
2017 Jun,36416.6,5147.3,0,10.2,0.1,0,171.6,319.7,7.4,11.7,6.5,0.6,4.1,1.2,1.2,0.7,0,0.4,0.1,302.5,31,0.1,0.1,22.2,31.6,0,0.1,4129.1,0,1.2,92.8,1.2,24011.2,0,4,29.2,2.7,49.6,4986.2,0,424.5,516.2,1675.1,71.4,78.1,56.2,2362.2,0.8,0,0.3,1688.9,239.7,0.5,0.1,1.5,4070.9,0.4,0.3,9.2,0.6,6.4,7.7,592,602.6,881.8,9.4,0,3344,791.2,92.9,1031.3,379.8,0.6,2.8,6428.7,79.2,1.7,176.7,5.5,0.6,1,35.6,39.5,1.9,45.5,1062.9,1093.2,94.1,28,102.9,492.9,3.3,2.6,5.2,176.7,466.5,58.9,41.1,44.2,12.3,610.5,5.2,5.6,81.3,0,104.2,730.3,1.6,806.1,12.1,486,0,320.9,0.2,0.6,0.1,0,0,78.3,0,85.5,0,0.3,0,0.1,343.4,24.1,0,0.5,2.9,0.1,0,0,0.3,0.2,4.2,0,0.5,14.2,1.6,0.9,0.1,35.3,19.7,2.2,14.7,0.4,1.3,0,0.1,0,0,47.7,0.3,0,0.1,1.6,2.3,2.4,165.8
2017 May,39149.5,5372,0,8.2,0,0,160.5,197.3,6.2,0.8,6.3,25.5,4.2,1.5,1.2,1.7,0,0.2,0,269.3,30.8,0.4,0.3,1.7,44.1,0,0,4561.7,0,1.9,46.6,1.5,26420.2,0.2,135.9,43.4,47.3,10.9,5481.2,0,1010,766.8,1720.2,26.2,154,67.5,2089.2,2.8,0,0,1840.2,163.8,0.5,0.2,0.8,4789,0,0,29.4,0.4,1.8,7,636.2,747.3,967.4,13,0,3062.7,905.8,75.3,1204.8,417.6,0,1.2,6434,80.2,1.1,187.5,35.1,1.3,1.5,43.9,48.5,1.7,47.3,1007.9,1192.5,127.2,31.1,125.5,396.4,4.5,2.5,9.6,48.7,301.6,105.8,36.2,39.3,9.8,437.7,6,8.8,104.9,0,119,1206.3,17.5,638.7,8.1,674.8,0,504.5,0.3,0.6,0,0,0,115.5,0,50.2,0,0,0,3.7,248.6,0,0,0.5,3.6,0,0,0,2.6,1.3,4.2,0.2,0.6,12.5,0,0.9,0,37.1,26.1,1,15.6,0.7,0.9,0.1,0,0,0,55.5,0,0.1,0.3,2.2,2.5,1.3,78.8
2017 Apr,34542.1,4481.4,0,5.3,0.1,0,141.5,108.6,5.3,15.2,4.2,0.7,5.1,1.3,0.7,1,0,0.1,0,255.2,0.2,0.4,0,0.6,17.9,0,0,3870.7,0,0.9,41.1,5.1,23510.6,0,2.2,20.9,43.6,25,4724.4,0,308.2,596.2,1808.8,48.5,237.2,74,2137.1,2,0.1,0,2025.6,504.3,0.9,0.1,0.7,4248.2,0.1,0,14.2,0.2,5.8,12.1,532.8,444.9,942.3,10.3,0,2472.3,773.5,177.9,896.3,419.3,0.4,0.5,5985.2,62.3,0.1,100.8,14.4,1.1,1.6,49.8,45.3,1.6,30.5,956.3,1126.5,33.3,50.5,100.8,502.8,25.4,2.4,4.2,15.1,517.5,79,35.2,40.9,8.7,561.3,6.4,6.5,94.9,0,114.2,844.7,42.2,500.3,8.9,409,0,306.8,0.3,0.1,0.1,0,0,88,0,13.2,0,0,0,0.5,155.9,0,0.1,0,2.1,0.4,0,0,1.4,0.1,3.7,0.6,4.8,9.8,0,0.6,0.2,0,23.2,1.3,15.3,0.4,0.8,1.1,0,0.3,0,63.6,0,0.3,0.6,2,0.7,2.4,19.8
2017 Mar,39987.6,5262.9,0,8.1,0.1,0,223.6,176.2,8.9,110.5,4.3,1.1,3.3,1.4,3.6,5.3,0,0.3,0,213.8,0,58.3,0.3,1.6,20.8,0,0,4107.9,0,3.7,306.6,3.1,27215.5,0.4,9.4,45.5,29.4,10.9,5654.5,0,740.8,1034.8,1714.2,42.8,339.9,67.6,2672.8,1.5,0,0,1792.9,421.5,0.6,0.1,1.3,4639.7,0.1,0.5,10.4,0.3,12.9,9.2,626.7,510.2,1237.4,11.5,0,2973.9,837.5,61.6,1279,421.5,0.6,1.7,6570.9,78.7,0.1,143.4,2.7,9,0.7,39.5,44.5,2,30.9,1035.1,1066.1,9.2,36.3,123,487.6,4.9,2.6,7.4,88.6,566.6,123.5,50.5,41,11.1,477.9,6.4,5.2,158.9,0,210,1125.6,2.7,569.9,9.1,708.7,0,633.6,0.5,0.1,0,8.5,0.1,60.9,0,4.8,0,0,0,0.2,229.6,0,6.5,0,3.1,0.2,0.1,0,0.6,0.1,4.3,0.1,0.4,12,0,6,0,0,12.6,2.3,16.6,0.6,1.4,0,0,0,0,75.3,0,0.6,2.6,2.5,0.1,2,79.5
2017 Feb,33032.6,4097.8,0,4.2,0,0,187.7,118.8,6.8,56.4,3.7,1,5.1,0.9,1.1,2.1,0,0.3,0,228.4,17.2,0.3,0.4,2.6,11.6,0,0,3281.6,0,1.3,139.1,27,22103.1,0,30.5,29.5,32.2,11.5,3868.5,0,321.7,758.3,1592.7,58,164.3,50.5,2379.5,1.4,0,0,1581.9,347.6,0.2,0,0.9,4151.4,0.1,0.4,10.3,0.1,65,14.4,539.1,446.7,971.8,10.2,0,2549.9,730.7,51.4,1042.6,286.2,0.5,3,6067,70.3,0.2,171.7,2.8,6.5,1.2,30.6,43.5,1.1,28.3,923.8,984.6,36.8,29.8,83.8,332.5,2.7,46.5,3.3,17.1,519.1,123.1,51.1,42.6,11,794.4,5.8,3.7,83.5,0,84.8,1001.5,1.4,517.6,10.5,402.9,0,335.4,0.3,0.1,0.1,0,0.1,65.6,0,0.4,0,0.2,0.8,0.1,361.8,0,0.2,0,2.3,0.3,0.3,0,2.5,0,4.4,0.6,0.3,11.7,0,0.4,0.1,83,6.1,0.6,11.4,0.4,1.9,0.1,0.7,0,0,55.1,0,0.2,0.3,2.4,31.9,0.1,144.7
2017 Jan,36734.9,4743.8,0,7,0,0,228.1,134.4,8,125.9,4.5,45.8,5.7,1.2,1.2,2.1,0,0.3,0.1,201,31.6,0.3,0.4,4.4,10.5,0,0,3903.9,0,1.6,0,25.9,25008.4,0,2.3,23.6,32.3,10.9,5487.3,0,317.4,904.6,1522.8,103.8,141.5,50.1,2472,1.1,1.9,0,2142,473.6,0.2,0.2,1,4201.2,0.2,0.4,5.4,0.3,2.1,6.3,504.8,409.8,1074.1,10.7,0,3011.6,750.8,69.1,899.6,372.6,0.1,0.6,6105,76.4,0,150.3,55.3,6.4,21,33.8,39.2,0.8,23.6,766.6,923.3,114.4,38.8,100.7,387.5,2.7,2.3,17.7,16.2,411.3,66.7,143.9,40.9,9.9,578.9,7.3,4.1,97.1,0,109.7,1390.8,1.7,455.4,10.4,456,0,348.6,0.3,0.1,0.1,0,0,94.2,1.3,10.9,0,0,0.4,0.1,421.7,114.7,45.5,0,3.8,0.2,0.3,0,0.1,0.5,49.1,1.3,0.2,8.8,0,0.6,0,0,7.3,0.7,11,0.4,1.8,0.2,0.4,0.5,0.1,101.6,0.1,0,1.2,1.9,0.1,2,67.3
2016 Dec,39473.3,4645.3,0,13.3,0.1,0,175.7,126.7,9.1,5.8,6.3,0.5,3.3,1.2,1.5,1,0,0.2,0,205.7,0,0.6,0.3,1.6,7.7,0,0,3920.1,0,1.6,159.5,3,26302.5,0,27.7,29.4,4.1,14.3,5846.4,0,531.5,602,1554.5,29.7,55.3,112.7,2975.4,1.7,0.1,0,2113.5,558.1,0.2,0.1,1.5,4113.6,0.1,1.1,10,0.2,9.1,8.4,516.1,383.2,1150.6,11.3,0,3184.5,956.8,91.7,1064.3,341.9,0.4,1.1,7658.1,81.6,0.4,176.1,29.3,2.4,2.3,39.5,44.2,1.6,34.7,1424.3,1021.9,11.2,37.6,102.6,397.7,4.1,2.1,2.5,87.3,563.8,90.4,85.5,44.8,11.4,445.6,6.8,4.6,90.5,0,101,2084.7,1.3,615.7,8.5,524.8,0,425.3,0.4,0.1,0.1,0,0.2,76.1,0,22,0,0,0,0.6,342.6,50.1,0,0,4.2,0,0.3,0.1,1.2,0.3,25.6,0,0,6.5,0,0.5,0.1,9.9,2.6,2.4,16.9,1.1,6.8,0.1,0.1,0.2,0.1,61.2,0.1,0.1,2.2,1.5,2.6,0.6,145.3
2016 Nov,37483,4908.6,0.1,10.2,0,0,127.7,272.1,9.9,60.7,5.6,2.3,4.5,1.1,1.1,0.8,0,0.3,0,261.4,0.3,0.5,0.1,2.3,10.4,0,0,3989.9,0,1.5,143.9,1.9,25122.1,0,14.7,27.4,3.2,19.1,5189.2,0,652.1,1010.1,1581.2,82.1,207.5,92.4,2609.3,1.4,4.1,0.2,1666.6,214.4,0.4,0.2,1.1,4132.2,0,0.6,8.4,1.1,2.9,7,529.4,481.6,1338,10.1,0,3030.4,861.2,60,909.7,370.2,0.7,1.6,6535.5,80.7,0.6,117.8,12.5,0.8,20.8,44.2,62.5,1.9,31,882.3,1054.2,89.7,31.8,108.8,378.1,2.6,4.7,8.6,21.9,766.4,80.8,63.9,45.4,11.2,340.3,5.7,6.9,100.6,0,115.3,1406.7,0.9,625.3,10.8,576.5,0,450.8,0.5,0.2,0.1,0,0,87.6,0,36.7,0,0.3,0.2,0,340.2,58.1,0,0,5.2,0.2,0.3,0.1,3.5,0.1,42.7,1,0.2,10.3,0,0.4,0.1,14.9,2.3,1.4,12.8,1.8,0.8,0.1,0,0,0.1,116.9,0,0.1,1.8,1.4,8.4,1.1,54.1
2016 Oct,33929.8,4145.9,0,8.9,0.1,0,93.2,116.2,7.4,22.4,7.3,2.4,5.9,1.5,1.1,1.4,0.1,0.1,0.1,242.1,0.3,0.4,0.3,1,19.5,0,0,3448.6,0,1,163.3,1.5,23492.4,0,23.8,26.9,22.3,11.8,4892.6,0,362.5,874.2,1723.5,119.3,32.8,75,2622.2,2.1,0,0,1867,138.3,0.3,0.1,0.9,3932.4,0.1,0.5,10.7,0.5,11,8,525.5,399.9,983.3,9.6,0,2804.2,851.9,59,798.8,299.8,0,1.5,5667.2,85.2,0.3,155.6,25.4,0.7,1.6,40.8,43.4,1.8,28.5,938.1,983.1,36.3,38.2,83.3,400.4,2.2,2.4,11.4,21.3,342.6,119.5,37,39.6,10.4,432,5.7,4.6,103.6,0,116.2,963.6,2.1,579.1,11,471.9,0,404.9,1,0,0.1,0,0,60.3,0.1,5.3,0,0,0,0.2,152.3,0,0.4,0,5.7,0,0.8,0.1,1,0.1,2.5,1.2,0.3,4,0,0.7,0.1,33,1.3,1.2,12.8,1.5,4.8,0,0.2,1.2,0,68.2,0,0.3,0.8,1.3,0.3,5.2,3.2
2016 Sep,32761,4121.3,0,9.3,0,0.1,105.7,120.2,19.2,11.5,3.7,0.5,6.9,1.1,0.8,1.6,0,0.4,0.3,234.4,0,0.1,0.2,1.3,13.2,0,0,3515.2,0.2,1.6,63.6,10.4,23237.1,0,6.3,47.3,2.9,17.3,4592.2,0,343.6,620.2,1583,101.3,91.8,78.8,2465.2,0.3,0,0,2117.7,351.8,0.3,0.1,1.4,3917.8,0.2,0.2,19.9,0.2,7.9,5.4,579.8,448.7,766.9,8.5,0,2714.9,764.1,79.5,1133.2,366.9,0.6,0.7,4809.6,81.7,0.2,151.3,34.8,1,1.5,32.2,39.5,1.3,30.2,763.5,900.2,11,23.3,100.2,294.4,2.1,2.1,2.3,25.6,275.2,59.1,56.2,32.9,13,406,4.6,4.4,73,0,97.4,697.3,1.6,582.1,8.5,434.6,0,326.6,0.5,0,0,0,0,53.8,0,53.1,0,0,0.4,0,158.4,0,0,0,4.2,0,0.2,0,0.3,0.1,2.4,0.8,3.3,13.4,0,1.5,0.1,0,0.1,1,13.3,0.4,0.3,0.9,0,0.5,0,63.9,0,0.3,1.5,2,0,0.9,47
2016 Aug,33527.9,4754.1,0,4,0,0,139.5,273.7,16.2,11.4,5.2,0.6,6.8,0.9,0.7,1,0.1,0.2,0,253.9,36.4,1.6,0.1,1.9,33.8,0,0.1,3664.3,0.1,0.7,298.9,2.1,23121.5,0,30.3,21.2,20.7,113.1,4415.7,0,260.4,605.4,1566.2,151.1,7,52,2669.1,1.2,0.1,0,1838.3,283.2,0.5,0.1,0.6,4075.1,0.3,0,9.2,0.2,9.9,6.9,593.4,399.2,797.4,23,0,3004.3,842.8,42.6,885.7,393.5,0.3,1.3,4920.3,117.7,0.2,147.8,16.5,10.3,1.4,36.4,55.2,0.8,40.4,794.6,1069.6,36.8,25.8,97.9,490.2,3.8,1.6,3.6,23.3,308.3,66.8,39.5,35.9,9.2,178.5,5.1,5.6,98.5,0,100.7,532.4,0.6,555.9,9.3,433.7,0,340.4,0.5,0,0.1,0,0,85.6,0,6.4,0,0,0.1,0.6,298.4,0,0,0,2.3,0,0.3,0,1.8,0.1,3.2,1.1,0.7,13.9,0.9,0.7,0.1,69.2,0.7,1.3,13.8,0.4,0.5,0.1,0.8,0,0,127.9,0.1,0.2,3.7,1.3,0,1.1,52.2
2016 Jul,31906.4,4107.4,0,5.8,0,0.1,97.4,122.4,15.6,71.6,7.4,0.6,9.6,0.8,1.1,0.9,0.1,0.3,0,227.7,29.8,0.9,0.3,8.2,15,0,0,3377.7,0.1,1.7,108.9,3.4,22039,0.2,14.1,20.2,6.8,266.3,4482.8,0,279.4,718.8,1454.6,67.4,0,73.2,2225.6,2.2,0,0,2070.1,396.3,0.4,1.8,0.7,3576,0.1,0,40.1,1,9.2,4.9,584.2,302.4,817.8,15.8,0,2568.8,767.8,34.2,880.2,354.5,0,0.9,5153.8,119.4,0.2,114.8,29,9.3,1.2,31.6,40.1,6,25.2,996.4,1023.4,7.7,39.5,80.5,387.3,1.7,1.4,5.3,20.6,370,181.7,61.3,25,7.5,172,7.5,7,96.7,0,100.4,581,0.8,595.5,7.3,394.6,0,315.5,0.4,0.1,0,0,0,57.9,0,20.2,0,0,0,0.5,211.7,16.5,0.1,0,2.4,0,0.5,0.1,1.4,0,2.7,2,0.1,13.7,0,0.7,0.1,27.8,3.1,1,12.8,0.4,1.2,1,0.1,0,0,53.6,0,0.1,0.5,1.5,11.2,3.6,53.7
2016 Jun,34067.9,4396.5,0,6.3,0,0,119.9,131.4,7.4,34.7,7,0.6,6.2,31.4,0.5,0.8,0,0.2,0,203.9,0.3,0.1,0.2,34.1,28.7,0,0.1,3444.9,0,0.9,319.4,17.7,23479.2,0.1,2.7,22,2.9,463.8,4539.3,0,288.5,686.3,1679.1,61.2,5,75.4,2749.5,1.4,0.1,0,1772.8,292.5,1.7,0.2,0.6,3965.1,0.1,0.1,17.6,0.7,1.6,5.9,546,630.2,1057.9,8.2,0,2585.5,817.5,45.5,806.3,344,0,1.7,5302.1,126.3,0.3,106.3,2.6,0.8,0.7,36.4,45.7,2.5,40.4,923,1040.9,21.3,35.3,95.5,375.7,3,2.3,10.6,25.3,657.2,80.4,45.3,27,13.2,150.8,6.8,5,128.9,0,130.1,618.1,5.1,531.9,7.6,588.5,0,451.5,0.3,0,0,0,0.1,77.9,0,58.5,0,0,0,0.1,301.6,25.9,1.1,0,1.9,0,0.3,0,1.7,0.1,20.2,1.3,0.1,21.6,0.1,0.6,0.1,0,8.6,1.4,14.9,1.2,2.5,0.2,0.4,0,0,72.5,0,0.3,0.9,1.5,26.3,1.7,94.1
2016 May,32922.4,4284.6,0,10.6,0.1,0,182.5,137.3,54.8,16,7.3,0.9,7.3,1.3,0.7,0.3,0.1,0.6,0,222.2,0.9,0.7,0.3,12,44.9,0,0,3557.1,0,0.7,24.7,1.4,22261.9,0,46.9,21.8,4,347.5,4605.8,0,296.3,696.7,1686.9,74.2,0,45.2,2381.2,2.7,0.1,0,1899.6,358.5,1.7,0.2,3.7,3755.9,0.4,0.3,5.6,0.4,25.3,5.9,507.1,305.8,819.3,6.8,0,2386.8,741.5,126.1,716.6,382.8,0.2,1.9,5624.9,123.2,0.1,179.9,7.8,9.1,2.5,32.5,47.2,6.1,32.1,953,1014.7,7.5,30.3,100.1,485.8,2.9,51.2,10.7,24.1,473.6,83,46.5,33.7,8.8,321.3,6.7,5.6,90.7,0,134.3,657.2,18.9,619.6,4.2,498.8,0,388.8,0.5,0.1,0,0.1,0,70.8,0,38.3,0,0,0,0.1,252.1,0,0.1,0,6.8,0,1.1,0.1,0.9,0.1,4.8,2.7,0,13.6,0,0.8,0,31.1,13.5,1.1,12.1,0.2,1.5,0.1,0.1,0,0.1,56,0,0.1,2,1.9,7.7,0.3,93.1
2016 Apr,32238,4251,0,5.4,0,0,113.4,132.4,5.9,34.9,8.6,0.8,3.8,1.4,0.8,0.5,0.3,0.4,0,196.4,12.4,0,0.4,0.8,15.5,0,5.1,3679.5,0,0.4,15.7,16.1,21145.8,0,25.2,26.7,32.4,173.7,4430.9,0.1,333.8,502.8,1560.8,59.5,141.9,88.2,2486.4,2.4,0.1,0,2186.1,180.9,0.2,0.1,1,3257.8,0.1,0,8.9,0.5,22.4,6.6,464.2,210.3,718,12.4,0,2300.8,629.3,49.4,862.3,367.4,0,2.1,6051.1,116.3,0.1,374,33.7,5.3,0.9,32.1,40.2,14.2,32.2,1288.7,1013.9,18.4,56.6,89.1,443.3,1.6,19.2,7.3,37.9,356.3,103.4,39.5,33.5,7.2,301.3,6.7,7.2,83,0,102.9,619.1,0.5,760.3,5.1,545.2,0,442.6,0.5,0.2,0.1,0,0,62.1,0,39.2,0,0,0.1,0.4,244.8,0,0,0,4.4,0,0.3,0,2.9,0.1,4.9,2.5,0.2,24.5,0,0.8,0,0,27.5,1.4,13.5,0.2,0.4,0.5,0.1,0,0.2,43,0,0.4,4.7,1.2,56.4,36.9,17.7
2016 Mar,33662,4437.5,0,6.9,0.2,0,134.5,159.7,5.6,16.6,4.6,1,2.8,0.6,0.9,1.4,0,0.5,0.1,229.9,13.8,0.4,0.1,4.3,16.7,0,0.3,3759.6,0.1,1.3,74.4,1.2,21940,0.3,0.9,21.7,5.6,237.8,4702.2,0,392.8,558.2,1708.3,37.7,79.5,74.1,2462.3,1,0.1,0,1901.3,93.2,1.2,0.2,0.4,3442.7,0.1,0.1,14.9,1.1,60.4,6.6,559.1,210.3,992,8.5,0,2656.9,767.7,66.3,498.3,374.7,0,1.5,6250.8,142.5,0.1,139.6,5,1,3.6,38.4,54.6,3,39.5,1137.5,1105.3,20.9,128.5,94,493.5,4.6,1.5,12.7,32.2,543,164.1,87.8,33.7,10.6,290.3,6.8,4.6,102.2,0,118.9,702.7,1.3,719.9,6.8,642.5,0,550.4,0.3,0.7,0,0,0.3,61.7,0,28.8,0,0,0,0.2,391.2,0.2,0,0.1,3.8,0,0.3,0,5.1,0,7.7,0.1,0,44.4,0,0.5,0.1,0,22.9,1.1,12.8,1.1,0.2,0.4,0.2,0,0,58,0,0.1,11.2,1.4,12.8,4,202.6
2016 Feb,30949.9,3813.2,0,9.6,0,0,139,153.3,5.7,64.1,5.1,2.1,3.6,0.8,0.7,1.2,0,0.3,0,180.4,23.7,0.4,0.1,1,15.3,0,0,3094.9,0,1.3,79,31.7,20726.8,0.1,1.6,17.6,1.6,159.9,3541.8,0.1,332.1,687.6,1897.2,20.5,10.1,62.6,2045.4,6.4,0.1,0,2333.1,327.6,0.2,0.1,0.3,3091.1,0.1,0,12.5,1.4,37.4,35.9,532.9,177,744.9,8.8,0,2405.5,1248.6,53.6,677.8,247.5,0,5.9,5365.3,110.6,17.8,96.6,15.9,0.7,1.2,28.4,39.5,0.8,29.2,940.1,929.7,22.1,157,88.5,342.3,2.1,1.6,9.7,25.1,283.5,73.7,47,25.4,10.5,258.5,6.8,4,77.9,0,128.1,927.3,1.8,654.9,6.8,665.9,0,581.5,0.4,0.7,0.1,0,1,73.1,0,9,0,0,0,0.1,378.8,0,110.4,0.1,2.6,0,0.5,0,2.6,0.3,3.4,1.4,0,12.8,0,0.6,0,0,19.8,1.1,10.4,0.2,0.4,0.1,0,0,0.1,100.4,0,0.2,9,1.4,0,1.5,99.4
2016 Jan,30382.9,3818,0,16.7,0,0,111,150,10.9,0.6,6.1,2.4,2.9,0.6,0.4,2.1,0,0.2,0.1,210.5,1.1,0.3,0.1,3.4,26.8,0,0.1,3128.8,0,2.2,122.6,18.1,20169.1,0,3.2,18.1,7.9,16.2,4706.9,0.1,373.5,588.8,1339.5,1.7,44.9,72,1724.9,3.3,0.2,0,1744.2,131.8,0.2,0.4,0.7,3277.1,0,0,16.6,0.9,14.5,4.8,546.4,183.5,1042.4,9,0.1,2541.8,712.6,68.3,666.2,304.9,0.4,1,5450.5,119.2,0.3,111.7,21.2,1.2,0.7,27.5,39.4,4.6,32.6,768.1,897.5,14.1,149.6,85.5,612.3,2.3,3.4,3.7,20.4,279.3,102.4,38.1,22.6,7.6,314.7,4.9,5.6,84.4,0,107,974.6,1.5,586.6,5.5,658.6,0,562.6,0.4,0.2,0.2,0,0,58,1.4,35.6,0,0,0,0.1,286.8,0,0.2,0.1,2.9,0.1,0.9,0,1.1,0.1,25.3,0,0,10,0,1.5,0,0,9.6,2.4,10.5,0.1,0.2,0,0,0.1,0.1,64.1,0.6,0.2,3.6,3.4,0,1,148.8
2015 Dec,34868.8,4515.7,0.1,26.1,0,0,117.1,219.7,8,5.2,5,0.8,3.7,0.6,0.7,1.6,0,0.4,0.1,171.3,0,0.7,0.3,2.7,15,0,0.1,3736.5,0,2.5,196.7,0.8,23757.8,0,47,17.7,1.3,24.2,5167.1,0,1014.7,616.2,1596.1,1.2,26,86.3,2180.2,4.2,0.2,0.2,2135.2,339.1,0.5,0.1,1.1,3677.2,0.1,0.3,11.8,1,14.1,7.8,547.2,353.2,996.5,12.1,0.1,2839.5,789.9,40.3,748.1,380.3,0.2,79.7,5918.4,112.7,19.5,152.6,14.6,0.6,0.8,33.4,45.9,1.3,31,897.9,1023.7,32.9,30.5,109.8,479.3,2.1,1.5,10.7,30.3,439.1,157.7,29,18.7,9,237.9,5.1,13.5,90.5,0,173.5,1047.3,0.9,657.4,7.7,513.8,0,403.4,0.6,0,0.2,0,0,100,0,7.4,0,0,1.7,0.5,163,0,0,0,4.9,0,1.6,0,3.5,0.1,6.3,0,0,12.4,0,0.5,0,0,9,1.8,12.4,0.6,0.6,0.5,0.2,0.1,0.1,48.7,0,1.5,0.2,1.4,3.3,0.8,52.8
2015 Nov,33630.6,4773.8,0,16.9,13.1,0,126.7,124.9,9.9,38.3,5,0.6,2.7,0.8,0.4,0.3,0,0.3,0,202.9,0,0.5,0.4,1.5,7.4,0,0,3914.7,0,0.6,262.3,43.5,22217.7,0,3.8,15.2,2.2,20.3,4973.2,0,551.6,454.2,1449.6,1.9,58.3,80.9,2039.4,2,0.7,0,1957.9,237.4,2.4,0.4,0.3,3521,0,0.1,5.9,0.4,40.6,29.6,566.6,559.6,720.1,8.1,0,2794.6,799.4,31.6,919.8,322.2,0.4,45.7,6080.4,120,0.7,125.9,5.9,0.8,1.7,31.6,51,0.8,32.2,824.3,1025.8,31.9,29.8,84.6,452,1.1,1.3,5.6,30.7,321,165.4,34.1,15.2,7.8,295.9,8.5,5.6,84.2,0,112.9,1423,1.4,739.2,8.3,377.5,0,297.5,0.5,0.1,0.1,0,0,76.6,0,2.4,0,0,0,0.2,181.3,0,0,0,4.2,0,0.1,0.2,0.4,0.5,49.9,1.8,0,9.6,0,0.6,0,0,3.1,0.7,10.2,0.1,0.3,0.1,0,0,0,83.8,0,0.6,1.7,1.3,0,2.1,10.1
2015 Oct,35998.1,4711.8,0.1,17.1,0.1,0,127,151.3,10.4,74.6,5.6,1,3.9,0.7,0.4,0.4,0.1,0.3,0,164.6,0.6,6.8,0.6,0.9,30.6,0,33.5,3976.8,0,0.5,102.6,1.3,23871.5,0,8.7,15.9,45.9,14.5,5362.7,0,349.8,575.6,1968.3,0.8,0,78.8,2338,1.1,0,0,2052.5,266.9,2.3,1.2,1,3834.5,0.1,0.1,8,0.7,11,9.9,520.2,335.7,595,12.3,0,3050.5,939.9,50.2,956.8,417,0.1,45.5,6404.1,120.6,0.1,171.6,4.8,0.6,0.9,33.6,57,1.4,36.6,1336.1,1098.7,6.9,30.5,87.1,408.7,2.2,1.3,3.4,26.5,470.3,200.4,54.4,15.7,9.2,480.5,9.3,8.5,87.3,0,145.4,820.7,1.1,667,5.7,869.1,0,777.3,0.4,0.1,0.1,0,0.1,66.2,0,24.9,0,0,0,0,141.6,0,1.2,0,6.6,0,0.4,0,0.8,0.2,4,0.2,0,10.3,0,0.6,0,0,2.4,1.3,11.1,0.2,0.6,0.4,0,0.1,0.1,64.8,0,0.2,1.1,0.9,0,2,32
2015 Sep,35279,5147.4,0,25.2,0.1,0,156,121.5,10.2,17.6,9.1,0.6,2.2,0.6,0.4,0.6,0,0.8,0.2,213,36.8,0.2,0.4,2,11.2,0,0.2,4090,0,1.6,445.2,1.9,24404.3,0.1,5.6,22.4,6.1,14.9,5005.2,0,357,570.9,1801.8,1.7,0,66.8,2379.5,0.9,0.1,0,2546,322.7,1.9,0.1,2.2,3832.9,0.2,0.1,32.3,0.7,116.5,7.5,553.3,470.6,1026.3,9.4,0,2960.7,892,47.8,879.7,418.2,0.1,50.2,4818.9,131.4,0.1,156.5,50.2,0.7,0.8,36.1,53.9,2.1,34.3,773.6,1025.9,5.8,33.1,101.7,328.5,1.9,34.7,6,29.3,241.3,128.5,57.9,11.5,8.5,129.5,7.3,6.5,71,0,136.9,523.6,0.9,679.8,9.4,614.7,0,516.5,0.4,0,0.1,0,0.1,95,0,2.6,0,0,0,0.1,293.7,0,0.1,0,3.2,0,0,0.1,4.7,0,2.2,0,3,8.1,0,0.6,0,0,1,0.9,11.4,0.2,0.1,0.2,0.5,0.2,0,171.6,0.1,2.8,2.3,1.1,0,2.5,76.9
2015 Aug,35260.5,4484.8,0,20.4,0,0,159.6,229.6,11.8,67.1,6.8,1.2,4.3,0.4,0.3,0.4,0,0.3,0,182.3,0.4,0.7,0.2,0.9,12.2,0,25.5,3623.1,0,0.9,129.2,7.3,24174.4,0,27.2,13.8,3.8,14.1,4829.8,0,430.9,541.3,1932,0.5,0,82.6,1978.1,0.5,0.7,0,2292.1,142.5,0.1,0.1,1.1,4008.9,0.1,0.1,6.1,0.3,44.9,8.4,564.3,480.5,1513.6,8.2,0,2900.3,896.8,27.4,1036.5,385.2,0.2,1.3,5765.3,114.6,57,145.9,13.3,0.6,0.7,30.1,48.1,5.3,31.7,728.8,1083.2,6.5,29.3,75.7,380.7,2.3,1.4,6.4,32.4,350.2,130.1,57.8,11.8,7.8,370.1,9.7,10.5,86.6,0,107.6,1101.3,1.5,721.1,5.2,595.3,0,519.3,0.2,0.2,0.2,0,0,70.4,0,4.8,0.1,0,0,0.2,240.7,0.2,0.1,0,2.6,1.2,0.3,0,4.4,0,46,0.1,0,14.6,0,0.5,0,28.7,0.6,1.7,15.9,1,0.1,0.7,2.1,0,0,70.6,0,0.4,0.7,1.1,0.4,0.2,46.7
2015 Jul,37430.9,4468,0,20.2,0.1,0,221.2,136.9,9.6,74.7,7.7,0.5,4.6,3.2,0.2,0.8,0,0.1,0,260.4,0.2,0.4,0.3,1.5,24.3,0,0,3627.6,0,0.7,71.6,1.4,25221.3,0,30,17.7,38.2,17.7,4995.6,0.1,446.4,776.6,1630.5,0.7,152.3,95.2,2175.5,2,0.9,0,1988.3,499.7,1.2,0,2.6,3968,0.1,0.6,6.3,0.7,93,57.7,509.1,658.1,1136.6,10,0,2857.5,1047.9,217.4,1254.5,448.9,0,83.5,6870.3,122.5,0.3,148.9,116.2,0.9,1.1,37.6,54.6,9.1,37.2,782.7,1096.3,6,37.6,88.6,396.5,3.8,25.8,7.3,23.1,598.8,211.4,57.9,15,11.6,823.7,9.2,5.3,85.5,0,182.8,1227.8,0.6,637.7,6.9,707.2,0,627.4,0.3,0.3,0,0,0,68.8,0.8,9.3,0,0.1,0,0,164.1,9.3,0.4,0.1,2.3,0,0.1,0.1,2.7,0,6.6,0.5,0,8.2,0,2.4,0,0,2.5,2,12.6,0,0.3,0.1,0.4,0,0,62.7,0,1.1,0.7,2.2,0,1.3,45.6
2015 Jun,36614.8,4886.9,1.1,17.4,0.1,0,203.1,154.4,8.8,55.4,6,0.5,4.4,1.1,0.2,0.3,0,0.1,0,134.5,0,0.4,0.2,2,26.8,0,0,4026.5,0,1.6,241.7,0.3,24850.7,0,29.9,19.6,10.2,21.2,4685.6,0,445.3,899.4,1850.7,1.4,255.1,79.9,2288.3,3.4,0.2,0,1983.4,397,0.1,7.1,1.6,4180.5,0,0.1,11.8,1.1,28.7,6.1,541.9,274.4,889,15.2,0,3022.3,1091.7,59.1,1260.6,487.3,0.1,1.5,6040.6,127.5,0.4,140.1,32.8,0.8,0.6,32.8,45.3,1.3,34.3,783,977.7,7.3,31.3,146.3,356.9,2.9,1.2,3.9,30.7,386.5,84.1,51.4,12.9,9.1,1068.1,7.9,10.1,82.3,0,127.3,772.2,48.1,613.8,9.9,554.5,0,472.8,0.7,0.1,0.1,0,0,77.9,0,2.8,0,0,0,0.1,282.2,44.4,0.1,0,7.6,0,0,0.1,2.8,0,4.3,0.2,5.2,15.2,0,0.8,0,0,0.8,1.2,14.2,4.4,16.3,0.1,0.2,0,0,43.2,0,0.4,0.6,1.9,2.9,0.5,114.8
2015 May,33572.4,4418.3,0,16.7,0,0,183.3,133.2,6.2,31.9,7.2,0.3,2.9,0.5,0.1,1.5,0,0.2,0.1,309.5,12.4,0.1,0.1,0.8,10.2,0,0,3504,0,9.7,186.4,0.8,22616.4,0,3.6,17.2,31.6,26,4554.1,0,291,824.4,1706,1.1,169.3,76.7,2019.3,0.3,5.1,0,2140.1,268.3,3.2,0,0.7,3613.2,0,0.1,10.9,0.1,43.4,72.8,473.5,149.9,817.7,8.1,0,3048.8,1032.8,175.4,505.1,482.1,0.2,44.1,5765.4,116,0.2,116.1,60,2.4,133,34.9,70.6,2.5,29.4,677.1,946.6,7.5,26.2,93.3,373.1,2.1,1.3,5.9,25,698.5,131.4,33.1,13.4,7.2,486.2,9.2,4.9,80.5,0,124.9,883.4,0.4,563.6,5.5,545.9,0,382.3,0.3,4.1,0.4,0,0.1,79.4,0,79.3,0,0,0,0,226.4,0,0.2,0.1,4.8,0,0,0.2,0.1,0,55.4,0.6,0.1,12.1,0.1,0.3,0,0.3,1,1.2,13.8,0,0.2,0.1,0,0,0,66,0,0.4,2,2.1,0,2.9,62.3
2015 Apr,36970.4,4725.5,0,13.4,0,0,171.3,109.1,10.3,2.3,9.8,0.6,7.3,0.5,0.3,1.7,0,0.5,0.1,241.5,1.2,0,0.2,1,8.7,0,0,3894.4,0,1.7,248.9,0.8,24671.7,0.2,36.9,15.1,8.8,16.3,4986.7,0,289.8,743.1,1739.1,1,297.7,87.3,2405.8,0.9,15.9,0,2497.4,310.1,3.7,0.4,3.5,3447,0.1,0,46.1,0.8,4.9,6.2,458.8,453.4,1046,9.1,0,2840.4,885.9,132.6,1479,399.8,0,1.9,6603.1,103.6,0.6,221.8,2.7,0.7,1.9,38.4,51.4,8,28.7,811.4,1038.7,12.9,29.5,184.2,371.5,1.4,1.1,6.1,25.9,752,233.8,55.5,16,9.4,897.1,7.7,6.2,90.7,0,123.9,887.8,1.8,574.7,6,794.3,0,622.7,0.7,0,0,0,1,87.6,0,81.3,0,0,0,0.9,175.9,0,0,0,5.7,0,0,0.1,0.3,0,5,0.1,0.7,16.6,0,0.8,0,0,1.7,0.9,13.9,4.3,0.5,0.5,1.1,0,0,58.2,0,0.3,0.9,2.8,0,1.7,59.6
2015 Mar,38824.7,5555.1,0,12.9,0,0,251.3,199.9,12.2,89.4,12.6,0.8,4.5,0.8,0.3,3.9,0,0.3,0.1,301.1,0.7,0.1,0,0.6,9,0,0,4485.9,0,1,167.2,0.5,23668,0,44.5,18.9,29.7,18,4320.3,0,382.7,652.5,1696.9,1,152.2,112,2397.9,2.5,19.8,0,2437.6,387.7,0.1,0,1.3,4028.2,0.1,0.3,12.7,0.6,3.4,61.6,527.7,477.1,538.1,17,0.1,2958.5,910.3,30.1,967.9,412.4,0.1,46,8133,121.4,27.3,158.9,3,1,1.6,36.4,59.2,0.8,26.9,826,1060.1,108.2,37.5,110.9,406.6,26.4,15.5,4.2,31.8,674.3,154.2,36.7,12.2,10.3,1152.6,7.9,8.3,127.3,0,101.3,1981.3,1.1,795.8,6,1145.2,0,971.4,0.2,0.1,0.1,0,0.2,118.5,0,54.5,0,0,0,0.2,323.4,0,0,0.1,5.6,0,0.2,0.4,1.1,0,5.8,0.1,0,16.3,0.1,0.8,0,0.9,7.8,1.4,17.7,0.4,0.4,0.1,0.1,0.2,0,62.7,0.2,0.1,1.2,2,0.1,1.7,196
2015 Feb,29731.2,3842,0,8.8,0,0,75.2,112.7,10,30.1,10.4,0.9,2.9,0.4,0.1,1.8,0,0.1,0.1,190.9,0.2,0.8,0.3,2,7,0,0,3183.9,0,0.6,202.2,0.6,19628.9,0,14.8,16,8,14.9,4084.1,0,221.9,563.8,1537.1,0.6,251.5,85.8,2029.4,1.3,0.2,1.7,1504,139.6,1.4,0.1,1.3,3363.2,0.1,0,6.7,0.3,1.1,33,488.5,404.9,716.7,9.4,0,2207.3,731.2,39.4,794.3,331.1,0.2,23.8,5199.5,112,53,120.4,54.2,0.7,0.4,27.6,47.4,0.9,40.5,741.4,925.7,9.2,27.5,76.1,334.8,1.6,9.6,5.4,23,365.7,136.4,38.1,13.5,6.4,448.3,5.4,5.6,76.9,0,90.1,713.1,19.1,661.7,7.7,871.8,0,776,0.4,0.4,0,0,0,78,0,16.8,0,0,0,0.1,189,0,0.4,0.1,6.5,0,0,0,1.1,0,3.8,0.1,24.7,26.6,0.1,0.5,0.1,0,3.1,1,11.4,0,0.5,0.1,1.1,0,0,34.3,0,0.1,0.3,2.5,23.4,2.1,45.1
2015 Jan,35221.2,4751.9,0,9.7,0,0,159.1,146.2,10.4,91,13.1,0.6,4.2,0.6,0.1,0.8,0,0,0.1,277.1,0.7,0.5,0.6,6.1,11.9,0,0,3823.2,0,1.1,191.3,3.3,23268.9,0,20.2,19.8,3.6,17.8,4951,0,276.7,703.9,1965,1.5,0,83.9,2146.5,0.4,0.2,0,1631.3,356.5,1.3,0.1,1.5,3965.2,0,0.2,13.9,0.4,3.8,18.8,486.5,390.9,962,27.3,0,2585.6,1016,61.5,1095.8,458.4,0.3,0.8,6054.5,144.1,20.8,170,42.5,0.8,1.3,27.7,61,2.2,39.5,853.4,1004.8,8,24.2,82.4,574.7,1.9,25.7,4.2,32.7,338,200.8,55.4,15.8,6.9,718.3,4.8,4.9,99.2,0,173.2,725.7,1,583.2,5,778.3,0,696.9,0.4,0.6,0.1,0,0.1,71.4,0,8.6,0,0,0,0.2,367.6,0,0,0.1,5.1,0,0.6,0,0.5,0.1,32.3,0.9,0,12.1,0,0.5,0,59.1,7.4,0.6,12.8,0,1.4,0.1,0.5,0,0.1,31.6,0.1,0.4,0.5,2,4.8,2.3,191.4
2014 Dec,38375,5546.4,0,8.5,51.2,0,190.8,153.8,24.6,50,27.3,1,4.6,1.5,0.1,1.8,0,0.1,0.1,252,1.6,0.6,0.5,29.5,10.1,0,0,4534.5,0,0.9,200,1.1,24966.7,0,34.5,17.1,6.1,16.1,5217.9,0,297.5,892.2,1984.4,1,338.3,67.3,2361.7,0.6,0.1,0,2295.8,193.1,1.7,0.1,1.8,3793.1,0.1,0.2,18.3,0.2,12,71.2,526.8,569.1,838.6,11.4,0,2782.6,961.5,48.3,1151.9,452.7,0.2,1.2,6627.2,138.4,52.2,178.6,141.6,1.4,0.5,36.2,55.1,0.9,61.9,771,1215.1,25.9,29.6,120.6,482.2,1.6,1.4,5.3,28.2,359.4,148.8,45.6,17.1,9.8,794.7,6.8,4.3,190.2,0,141.5,894.8,1.9,656.5,7.8,1027.5,0,915.4,0.4,0,0,0,0.1,108.7,0,2.6,0,0,0,0.3,207.1,0,0.1,0,4.8,0.1,1.1,0.1,1.1,0,2.1,0.6,2.6,9.9,0,2.7,0,2.7,4.3,2.6,15.5,1,1.2,0.5,0,0,0,33.6,0,0.1,0.4,1.7,4.3,6.8,107.4
2014 Nov,35762.5,5087.7,0,25.6,0,0,96.3,106.7,7.7,62.3,35.5,0.7,2.2,0.7,0.3,0.7,0,0.1,0,426.9,0.3,0.1,0.4,2.8,7.2,0,0.3,3981.1,0,0.9,315,14,23279.3,0,38.3,16.9,3.6,16.2,4804.3,0,316.7,840.9,1710.3,0.9,219.8,65.8,2102.5,1.5,0,1.2,2040.4,325.2,0.2,1.2,2.2,3890.6,0,0,5.9,0.7,3.7,21.4,512.9,528.9,848.7,21.3,0,2734.9,778.7,31.9,1072.8,317.4,0.3,0.9,6444.4,138.7,0.4,169.1,71,1,0.7,25.3,39.5,1.5,32.8,679.1,1068.7,19.8,31.7,81.2,455.7,0.7,0.8,4.5,28,374.1,104.1,50.8,13.7,6,840.3,5.5,3.4,101.1,0,137.6,1357,1.1,593.5,6,694.5,0,617.5,0.6,0,0.1,0,0.1,74.3,0,1.6,0,0,0,0.3,256.6,0,0,0.1,5.6,0,2,0.1,0.8,0,3.3,1.8,0.2,12.2,0.1,0.6,0.1,1.1,1.7,0.6,29.6,0.2,0.3,0.1,0,0,0,29,0,0.6,0.4,1.1,45.3,1.2,118.3
2014 Oct,41160.4,5927,0,27.3,0,0,392.7,132.8,4.3,128.4,30.4,0.9,4.2,0.3,0.2,0.2,0,0.3,0.1,359.5,0.3,1.8,0.1,3.1,13.4,0,0.3,4278.8,0,1.3,545.1,1.3,26010.9,0,4.5,12.3,111.8,10.7,5012.5,0,436.8,899,1979.6,0.5,246.5,87.7,2374.7,0.2,0,0,2011.2,359.2,0.1,0.8,1.6,4121.1,0.1,0.5,48.9,0.3,5.4,6,594.7,648,1379.1,15.7,0,2879.2,1026.1,36.1,1352,346.3,0,1.7,7811.7,129.4,41.3,174.4,126.5,0.8,3.1,26,46.4,1.2,58.3,1061,1085.6,9.4,30,107.1,466.8,2.5,1.2,6.7,28,489.9,140.2,153.3,14.2,7.4,1584.3,7.4,3.9,188.1,0,120.7,995.8,13.9,679.8,7.1,1065,0,961.8,0.4,0.2,0.1,0,0.1,98.9,0,2.2,0.1,0.2,0.3,0.7,345.7,0.1,0,0,3.5,0,1.5,0,1.5,0.1,5,0.6,2.6,12.1,0.1,0.4,0,2.3,2.9,1,11.5,0.1,3.7,0.2,0,0,0,33.2,0,0.4,1.6,1.1,0.2,1.4,258.5
2014 Sep,40573.6,4999,0,10.4,0,0,215.1,262,12.2,27.3,39.5,0.5,4.4,0.7,0.2,0.4,0,0.3,0,332.9,0,1.3,0.2,0.9,17.4,0,63,3513.7,0,1.7,491.8,3,27147.5,0.2,72.9,13.3,48.5,18.6,4968.7,0,389.7,679.5,2161.5,0.4,245.3,74.7,2161,1,0.2,1.3,2289.9,603.9,0,0,0.8,4268.4,0.1,0.1,6.2,0.3,22.6,79.9,603,1054.4,1017.4,10.4,0,2935.1,1311.3,32.6,1709.6,362.7,0.3,1.5,6998.1,146,0.1,224.2,208.1,1.2,21.4,32.1,48.2,1.3,45.6,789.3,1119.2,20.5,31.2,90.4,367.6,1.1,1.4,6.3,37.2,426.7,115.7,49.6,11.2,8.2,922.2,6.2,3.8,95.8,0,109.4,1439.8,19.1,592.8,5.4,1173.7,0,1083.5,0.5,0,0,0,0.1,86.1,0,1.8,0,0.2,1.4,0.1,255.3,0,0.2,0.2,3.5,0,1.2,0,0.8,0,43.2,0,0.2,16.6,0.2,1,0.1,0,1.3,1.7,15.5,0.6,0.3,0.2,0,0,0,47.1,0,0.2,1.6,3.3,2.8,2.1,111.3
2014 Aug,36885.2,5276,0,31.3,0,0,372.5,112.7,8.7,62.1,49.3,0.8,2.7,63.5,0.2,0.8,0.1,0.1,0.1,282.3,0.4,0.3,0,7.9,14.2,0,49.8,3677.1,0,1.4,461.5,76,24350.1,0,9.6,11.6,26.6,21.7,4140.2,0,251.4,551.8,1903.4,1.1,258.5,73.7,1920.3,2.8,0.2,0,1986.3,262.9,3.3,0,1.1,4165.1,0,0.1,5.1,0.4,58.4,4.7,498.8,824.2,1563.4,10.3,0,3004,973.8,26.2,1495.2,292.4,0.1,1.4,5962.7,119.9,0.5,181,73.2,0.9,0.2,37.8,52.1,1.2,28.1,809.7,1136.5,83.9,31.8,87.5,441.7,0.8,1,5.9,27.2,412.1,116.3,40.9,23.5,9.7,568.5,7,5.4,90,0,111.8,762.5,26.3,663.1,4.4,865.4,0,785.1,0.5,0.1,0,0,0.9,72.2,0,6.4,0,0.1,0,0.1,431.1,44.6,0,0,1.5,0,1,0,0.4,0.2,46.1,0.9,0.1,15.8,0,0.5,0.1,0,3.6,1.4,17,0.1,0.5,1.2,0.2,0,0,116.6,0,0.5,0.4,1.2,0.2,2.6,174.3
2014 Jul,40809.2,4755.4,0,10.5,65,0,153.1,111.2,6.5,35.3,67.7,0,4.2,1,0.1,1.2,0,0.1,0,363.2,0.1,0.1,0.3,1.5,23.5,0,0.1,3513.8,0,1.5,372.4,22.9,28201.5,0,78.6,13.6,6.9,41.6,4358.3,0,417.3,736.3,2230.1,1,526.7,89,2143.9,2.1,0.1,0.1,2475,337.8,2.1,3,1,4354,0.1,0,55.2,0.2,2.2,7.2,747.9,1055.4,1654.7,9.6,0,3415.4,855.8,41.1,2217.2,320,0,0.7,6782.3,132.6,31,221.5,33.4,0.6,1,34.9,56.1,1.8,34.7,919.6,1120.5,8.3,36.5,82.7,455.7,1.7,1.4,3.7,26.8,542.1,122.1,38.5,13.6,8.1,1068.6,4.9,5.4,96.7,0,110,908.2,53.2,600.3,6.4,754.7,0,644.6,0.6,1.2,0.1,0,0.5,101.6,0,3.1,0,0,0.6,2.4,315.2,0,0,0.2,4.5,0,0,0.1,0.8,0.2,5.2,0.1,0.5,17.8,0.1,0.3,0.1,47.7,0.7,1.3,14.2,0.9,0.8,0.2,0.8,0,0,123.4,0,0.8,0.5,1.7,0.2,5.5,86.6
2014 Jun,38216.9,4635.5,0,28.6,17.7,0.1,152.1,116.3,6.4,1.4,72.7,0.5,3.1,0.8,0.3,1.5,0,0.3,0.1,191.3,0.1,1,0.2,1.8,19,0,0,3545.7,0,1.9,445.4,27.4,26630.8,0,7.2,13.9,5.1,35.9,4797.5,0,351.1,1100.8,2128.4,1.4,259.5,79.7,1987,0.5,0.1,0,2360,234.1,2.7,0.2,0.9,3892.9,0.5,0.1,13.4,0.4,22.6,10.1,458.6,900.4,1540,9.7,0,3482.5,883.8,32.3,1585.9,431,0,0.7,5703.1,115.8,0.4,148.5,39.7,0.7,0.4,29.4,49.7,1,32.8,707,1044.7,6,31.6,77.2,407.7,1,1.1,4,36.4,759.6,98.9,24.3,10.1,8.5,526.7,5.3,4.5,142,0,115.3,658.1,8.4,600.1,6.2,844.3,0,761.7,0.5,0.1,0.2,0,0.4,77.7,0,2.6,0,0.2,0,0.9,403.1,0,0,0,2.1,0,0,0,1.9,0,2.9,0.9,3.6,18.6,0.1,1.2,0,0,0.6,0.8,15.5,0.3,0.2,0.5,0.7,0,0,90.4,0,0.2,0.6,1.8,0.4,4.8,255.3
2014 May,41829.4,5276.7,0,26.7,0,0,286.2,104.1,8.8,33.9,63.7,0.9,4.2,0.2,0.6,1,0,0.2,0,136.8,65,0.5,0.3,1.6,14,0,0,3937.6,0,1.2,587.5,1.7,28177.4,0,38.4,12,14.1,32.4,4551.5,0,334.7,848.1,1907.1,0.6,282.2,123.2,2054.7,2.5,0.1,0,2466.1,416.4,0.7,0.5,0.6,4314.3,0.2,3.1,7.8,0.5,183.8,7.9,472.1,1271.1,2116.4,7.8,0,3449.3,784.2,43.6,2051.7,375.8,1.3,0.9,7038.5,150.7,0.2,158.9,23.8,1.4,0.4,32.7,41.4,1,55.2,851.6,1086.6,55.9,35,99,419.7,1.6,0.8,5.3,26.9,815.3,168.8,29.7,9,7.5,921.1,6.9,5,93.5,0,106.9,1123.8,1.7,694.3,7,952.1,0,820,0.5,0.1,0,0,0,128.3,0,2.6,0.2,0,0,0.3,384.6,0,0.1,0,10,0,0,0,0.5,0,45.1,0.7,0.6,21.5,0,0.4,0,1.2,2.8,1,14.1,0.3,0.3,0.4,0,0,0,118,0,0.5,0.8,2.7,3.1,1.1,159.3
2014 Apr,42799.3,6046.6,0,4.6,0,0,229.4,148.9,4.7,70.1,105.4,0.6,4.3,35.7,0.2,1.7,0,0.3,0,321.7,0,2.7,0.3,1.5,21.2,0,57.1,4619.7,0,1.5,414.2,0.9,28145.1,0,3,12.7,8.9,36.8,4851.3,0,454.1,1149.6,2034.2,0.4,28.4,123.9,2478.2,2.5,0.2,1.3,2712.4,398.6,0.2,0.4,1.3,4157.3,0,0.3,5.3,0.3,72.5,7.6,471.5,645.9,1673.8,13.9,0,3806.7,939.8,73.5,1576.3,400.9,0.2,0.8,7411,150,155.8,172.6,71.3,0.7,4,48.2,70.4,0.8,41.7,917.4,1299,171.6,32.9,91.2,548.2,2.8,3.3,3.8,32.5,453.5,145.1,60.3,9.9,7.1,956.7,7.9,6.5,141.2,0,122.2,895.5,53.2,727.7,6.1,755.7,0,658.1,0.5,0,0.1,0,1.6,93.4,0,1.2,0.4,0.2,0,0.2,440.9,0.1,1.1,0.2,2,0.1,0,0,1.1,0,3.7,2.7,0.1,13.9,0.3,0.4,0.2,1,1.8,0.9,14,0.2,0.1,0.5,0.2,0,0.2,148.5,0,0.2,2,1.4,0,3.5,240.4
2014 Mar,43813.7,6117,0,5.6,1.5,0,270.8,136.6,21.3,178.8,105.6,0.9,3.3,0.5,0.5,2.2,0,0.3,0,279,0.1,0.1,0.2,3.3,28,0,63.1,4622.1,0,0.8,388.1,4.2,28647.9,0.1,97.3,13.6,6.4,42.9,4901.1,0,617.7,784.2,1903.8,1,510.5,153.2,2269,3,0,1.4,2548.6,299.2,7.4,0,1.6,4098.5,0.7,0.2,20,1.3,70.6,9.5,495.3,534.8,1965.8,9.3,0,3554.9,861.5,85.1,2499.9,276.8,0.2,1.6,7700.1,146.6,0.3,157.7,116.7,1.3,1,44.4,60.1,0.9,38.9,1290.1,1195.1,12.2,39.1,113.4,460.9,1.9,1.3,3.9,32.6,556.7,145.2,28.7,10.4,10,833.7,5.9,7.2,158.6,0,125.6,1311,22.2,761.9,4.3,802.2,0,677.2,0.9,0,0,0,1,120.2,0,2.6,0,0,0,0.2,546.6,0,131.8,0.1,3.7,0,0,0.2,1.3,0,5.3,2.2,0.1,13.2,0,0.4,0.1,2.8,16.7,1.6,18.3,0.1,0.2,0.4,0,0,0,122.9,0,0.4,5.6,1.7,46.1,2.8,168.6
2014 Feb,37214,5579,0,4.1,0,0,258.2,171,6.4,101.2,61,0.7,2.9,30.4,0.2,0.7,0,0.1,0,360.7,0,0.2,0.4,1.3,20.3,0,59.4,3937.7,0,1.2,558.1,2.6,24865.1,0,17.7,16.7,3.5,36.3,3884.6,0,220.5,917.8,2023.5,0.9,0,109.3,2136.2,0.8,0.2,0,2211.8,368.5,0.3,0.5,1.8,4043.3,0,0,6.3,1,152.6,9.5,478.5,1126.9,1511.3,10,0,2802.9,790.9,40.9,1655.5,193,90.9,0.4,5447.2,135.9,4.1,140,69,0.5,0.9,23.8,49.1,1,35.2,732.3,1048.2,6.7,27,90.1,341.2,1.6,18,2.7,31.2,295.7,231.8,23.9,9.1,6.2,397.5,5.4,4.4,91.4,0,102.1,878.9,29.4,606.6,6.2,907.8,0,800.4,3.7,0,0.1,0,13.5,87.5,0,2.4,0,0,0,0.2,415,0,0,0,2,0,0.2,0,0.6,0,3.4,0.8,0.4,12.8,0,0.7,0.1,1.3,2.1,1,16,0.3,0.1,0.1,0,0,0,105.9,0,0.4,3.8,1.2,0,2.9,258.6
2014 Jan,41143.3,5570,0,29.8,0.1,0,205.2,176.6,9,39.1,59.7,0.6,5.1,0.3,0.2,2.1,0,0.2,0,275.5,0.3,0.1,0.2,1.6,16.4,0,65.3,4116.6,0,3.3,547.9,15,27473.3,0,13.9,14.1,51.9,34.8,4796.6,0,331.8,1080.3,2165.2,1.3,0,111.3,1803.6,0.9,0,1.3,2235.6,527.5,0.9,0.2,1.6,4373.4,0.1,0,10.7,0.2,37.2,10.2,464.5,667.8,2395,9.3,0,3242.4,939.8,34.8,1795.1,283.2,36,0.5,6463.7,131.5,22.2,154.5,58.8,0.7,0.6,28.3,40.9,1.9,57.6,726.8,1067.3,5.8,35.6,72.2,394.7,1.7,24.7,2.8,44.3,474,158.2,29.3,9.6,9.1,675.8,4.9,4.3,104.9,0,114.7,1313.3,11.8,674.2,6.6,1280.1,0.1,1193.4,0.5,0,0.1,0,7.1,76.4,0,2.4,0.1,0,0,0.1,356.3,1.8,0.1,0.1,1.9,0,0.3,0,3.3,0,8.1,1.9,0.1,9.1,0,0.9,0.4,0.6,1.9,0.5,13.4,0.3,0.1,3.5,0,0,0,123.9,0,0.1,0.9,1.3,0,2.6,179.1
2013 Dec,38686.5,4793.3,0,29.4,0.1,0,97.6,152.6,8.2,18.6,56.6,0.3,3.7,0.5,0.1,1.2,0,0.1,0,230.1,0,0,0.2,1.3,23.7,0,61.7,3694,0,2.6,384.1,26.5,26194.8,0,4.2,15.3,4.9,25.3,4951.2,0,296.7,818.3,2359.1,3.5,340.5,124.9,2267.2,1.3,0.1,1.2,2183.9,397.6,4.1,0.3,1.4,4580,0.1,1.3,11.3,0.3,8.2,10.1,505.3,708.2,1315.6,34.9,0,2870.8,813.4,44.8,1170,241.2,0.6,77.9,6886.7,140,0.1,180.5,61.3,1.8,0.6,27.6,55.3,4.1,45.5,732.4,1234.7,16,42.1,98.5,501.7,1.1,47.8,4.1,52.9,673.9,209.1,41,12.1,6.5,540.9,10.4,6.3,98.2,0,128.7,1084.6,62.6,759,5.5,602.8,0,493.6,0.3,0.1,0,0,0.8,100.5,0,6.9,0,0.2,0,0.3,208.9,0,0.4,0.1,3,0,0,0,0.7,0.6,4.8,3.3,0.2,2.5,0.1,1.7,0.2,0.8,3.7,2.6,18.3,0.6,0.1,0.3,0,0,0,63.4,0,0,2.6,1.1,0,1.7,96.2
2013 Nov,38981.8,5269.7,0.1,27.5,0,0,195.6,118.3,8.9,261.8,49.3,0.9,2.3,0.5,0.1,0.4,0,0.4,0.1,232.5,49.7,0.3,0.1,1.2,40.8,0,58.9,3886.9,0,2,328.7,2.6,26960.8,0.3,44.8,9.2,1.9,18.7,4814.5,0,264.3,886.1,1839.4,2,437.8,120.8,2073.4,3.4,0.1,0.9,2265.1,387.1,1.7,0.2,1.1,4268.2,0.1,0.1,10,1,143,8,555.4,753.1,1279.1,11.8,0,2731.9,931.4,39.8,2151.2,791.2,111.2,1.2,6065.7,121.8,2.8,183.3,3,0.8,1.9,27.8,58.3,0.9,35.9,861.3,1048.8,8.2,32,101.4,429.1,2.1,1.4,5.5,42.4,581.9,95.7,25.8,13.9,6,499,5.6,4.5,95.3,0,127.1,809,6.5,821.8,5,496.1,0,394,0.4,0.1,0.6,0,2.4,94.3,0,3.6,0,0.1,0.2,0.5,189.5,0,0,0.1,2.9,0,0,0.1,0.8,0.1,5.4,5.3,0.1,2.7,0,1.3,0,0,4,2.7,15.2,0.2,0.2,4.3,0.1,0,0,67.7,0.1,0.3,2.6,1.3,0,5,66.9
2013 Oct,44871.4,5847.2,0,10.6,0,0,255.6,139.6,7.7,203.7,60.2,1.2,2.1,0.2,0.2,1.1,0.1,0.1,0.1,181.8,0.1,2.7,0.3,2.4,58.2,0,53.5,4037.2,0.3,1.1,824.5,2.7,29434,0,93,10.2,5.4,27.4,4672.4,0,429.2,850.7,2123.1,0.4,337.2,164.6,2204.7,4.1,45.7,0,2495.8,142.1,0.5,0.7,2.9,4459.9,0.1,0,9.9,0.7,166.9,10.8,641.5,700.4,2411.7,47.1,0,3459.4,1462.7,40.6,2051.5,359,0.4,1.2,8486.1,130.5,0.4,157.6,40.4,1.2,1.2,30.3,48.6,1,39.2,861.1,1300.8,6.9,28.8,83.4,475.1,1.8,1.2,7.9,45.7,585.5,172.7,25.6,15.1,8.1,515.5,7.2,3.8,100.6,0,122.8,2722.8,20.3,915.3,7.6,845,0,722.2,0.5,1.8,0,0,0.9,116.2,0,2,0,0,0,1.3,259.1,0,0,0.1,0.3,0,1.7,0,1.1,0.1,5.3,1.8,0.4,11.5,0,0.3,0.1,0,0.8,4.1,12.5,1.1,0.3,0.3,0.1,0,0,140.8,0,0,1.1,0.8,2.7,1.4,70
2013 Sep,41616.8,6441.8,0,11.2,0,0,231.9,120.3,7.3,42,78.9,0.3,4.6,0.2,0.2,0.6,0,0.1,0,258.9,87.9,0.6,0.3,2.3,28.6,0,66,4760.3,0.1,2.5,724,12.6,28099.3,0,60.7,12.1,7.1,15,4676.7,0,314.5,1150.9,2484.1,1.6,405.6,96.8,2119.1,1.9,0.1,1.4,2765.9,255.4,0.1,0.2,1,4058,0.2,0.1,7.6,0.9,222.7,8.6,553.7,1060.3,1237.1,10.4,0,3115,1020.3,45.3,2055.4,332.2,0.5,0.8,6238.1,116.4,0.2,203.1,2.3,1.1,7.2,24,44,1.2,33.7,785.6,1168.1,11.7,34.4,104.5,343.3,1.5,1.8,5.6,47.6,796.4,164.7,17.3,11.4,8.8,250.6,10.5,3.5,85.2,0,114.2,905.5,36,890.7,6,704.2,0,637.2,0.7,0.3,0,0.1,1.1,60.6,0,3.4,0,0,0.1,0.8,133.5,0.8,0,0,1.5,0,0.5,0,0.8,0,2.3,1.8,0.1,8,0,0.3,0,0,1.8,0.4,16.3,0.5,0.3,0.3,0,0.1,0,78,0.8,0.1,2.7,1.2,0,4,10.7
2013 Aug,40477.3,5843.8,0,8.2,0,0,124.8,135.8,7,92.3,95.2,0.5,3.9,0.4,0.1,0.7,0.1,0.1,0,313.2,100.8,0.9,0.1,1.8,27.3,0,0.1,4266.6,0,2.3,645.8,15.9,26865.3,0,40.2,14.1,5.1,25,4704.9,0,255.3,1204.6,1980.6,0.7,261.6,98.7,2128.1,2.6,0.1,1.3,2093,338.8,0.1,0.3,1.5,4397.6,0.1,0,52.2,1,136.9,8,512.8,707.8,1757.6,8.2,0.2,2935,897,30.4,1936.2,308.1,18.8,0.6,6664.6,109.7,0.3,106.2,70.7,0.8,2.8,26.7,52.1,1.2,38.8,875,1194,9.4,37.9,99.7,395.7,0.9,1,6.5,41.5,439.2,161.6,25.7,10,10.3,774.4,11.3,5.7,91.6,0,137.1,1059.6,40.8,821.1,5.2,770.3,0,663.3,0.8,0,0.2,0,0.4,101.1,0,4.1,0,0.1,0,0.1,333.3,0,0.4,0.4,0,0,2.3,0,1.1,0,7,1.5,8.5,11,0,0.8,0.1,0,4.4,1.4,16.8,0.7,0.1,0.3,0,0,0,122.1,0.1,0.4,4.7,0.9,0.2,0.8,147.3
2013 Jul,43645.8,6344.8,0,27.3,0,0,221.7,154.3,8.5,96.1,66,0.8,4.3,0.3,0.1,0.9,0,0.1,0.1,170.6,11.8,0.5,0.2,1.7,55.5,0,0,4349.8,0,2.4,1149.4,22.3,28328.7,0,12.4,15.6,10.3,19.6,4955.4,0,399.4,1107.8,1979.8,0.9,265.6,116.3,2186.7,1.1,0,1.3,2327.9,248.1,0.1,0.2,1,4607.7,0.2,1.1,14.3,0.9,130.9,15,543.4,1056.3,1766,11.1,0,2857.1,1022.2,52.6,2159.4,333.2,106.8,1.1,7708.3,108.7,26.8,201.4,3.3,1.1,1.6,28.4,61.7,8.5,35.7,1068.6,1255,7.2,40.4,80.6,443.5,2,1.9,9.1,51.4,336,117.8,62.3,10.5,12.2,527.3,6,5.6,113.5,0,133.2,1973.8,34.2,934.6,4.6,763.5,0,669.6,0.9,0.1,0.2,0,1.3,87.8,0,3.3,0,0,0,0.2,500.4,0,25.4,0,0.1,0,0.3,0,0.8,0,19.5,2.4,0,13.3,0,4.6,0.1,0,11.8,2.2,17.8,0.1,0.2,1.1,0.7,0,0,262.4,0,0.4,1.1,1.5,0,0.4,134
2013 Jun,39241,5004.4,0,9.8,0.1,0,146.5,139.2,8.4,148.5,60,0.4,5,0.3,0.3,1.8,0,0.3,0.1,257.9,0.2,0.4,0.2,1.3,32.9,0,0,3755.9,0,1.2,412.4,21,26388.3,0,60.6,13.7,4.3,16.8,4398,0,388,794.4,1975.2,1,387.1,123.4,2230.1,3.1,0.2,1.6,2593.2,563.1,0.2,0.4,0.9,4072.3,0.1,0.1,7.1,0.2,190.3,11.4,544,748.3,1166.3,9.3,0.3,3165.4,911.9,89.5,1645.5,224.2,38.5,8.4,7068.7,113.9,0.4,198.9,58.4,0.6,1.2,29.5,51.4,1.9,34.4,744.9,1058.8,15.6,34.9,92.3,405.5,1.5,1.7,19.6,53.7,424.9,146.2,19.6,7,10.5,766.4,6.7,5.6,139.8,0,109.6,1676.5,56,775.4,5.5,484.7,0,393.3,0.7,1.2,0.4,0,0.6,85,0,1.8,0,0.1,0.9,0.6,294.8,0,1.5,0,0.4,0,0,0.3,0.6,0.1,27.7,1.4,0,10.9,0,0.5,0.1,0,1.3,1.2,21.2,0.1,0.6,2.2,0,0,0,136.9,0.4,3.2,1.4,2,1.5,1.5,77.7
2013 May,41984.1,5550.9,0,5.2,0,0,186.1,125.7,5.7,130.8,57.1,0.6,3.4,0.2,0.2,1.5,0,0.4,0,343.8,48.1,0.6,0.2,1.4,13.5,0,0,3800.3,0,1.9,810.9,13.2,27479.2,0,63.4,11.9,3.6,16.7,4512.7,0,478.2,1079.7,1904.2,2.7,648.5,116.1,2067,3,0,0,2872.6,390.6,0,0.4,0.8,4040.4,0.2,0.1,8.2,0.2,257,8.7,657,1001.2,1073,6.7,0,3352.9,812,49.9,1778.6,259.4,0.5,0.9,7676.5,106.2,24.3,165.1,2.4,1.2,0.8,23.4,46.8,1.5,53.7,946.4,1123.6,147.5,39.5,63.3,380.8,1.9,37.1,3.4,47.2,631.5,149.8,22.9,9,12,711.8,4.7,7.9,114,0,130.2,1794.2,26,840.3,6.3,810.2,0,702.1,0.9,1.1,0.1,0,0.9,101.6,0,3,0,0,0,0.4,467.3,0,0.2,0.2,1.4,0,1.6,0.1,0.5,0,11.7,2.2,4.7,8.4,0,2.3,0.1,0,2.9,1.2,16.4,0.3,0.5,3.6,0,0,0,241.3,0.1,0.3,1.5,1,0.1,4.5,160.2
2013 Apr,42058.3,5697.4,0,10.4,0.1,0,118,136.3,42.5,214.3,67.8,1,4,0.5,0.2,2.4,0,0.4,0,331.8,45.7,1.1,0.2,1.2,13.8,0,0,4033.5,0,1.1,663.7,7.6,27552.5,0,46.2,11.4,6.2,17.6,4674.1,0,486.7,914,2087.2,0.2,0,103.4,2524.2,0.9,0,2.1,2750.6,545.1,0.1,0.5,0.8,4183.3,0.3,0.1,11.3,0.2,144.8,15.5,519.2,708.4,1177.5,9.2,0,3214.5,940.7,102.3,2067.2,285.1,0.2,1.4,7679.2,129.8,16.7,161.3,101.2,0.6,0.7,29.4,47.5,3.8,34.2,828.9,1153,7.1,123.9,90.8,390.2,1.3,81,7.7,49.9,670.5,156,20.8,9.6,9.1,544.2,6.4,5.2,104.2,0,118.2,1803.3,58.3,906.4,7.9,753.7,0,661.9,0.8,1.1,0.1,0,1.8,82.9,0,2.6,0,0,0,2.5,375.5,0.1,0.3,0,0.7,0,0.1,0,0.5,0.1,4.5,1.7,0.2,8.7,0,0.5,0.1,0,10.1,1.3,14.6,0.2,0.5,2.5,0,0.1,0,314.1,0.4,0.4,0.9,1,0.9,5.4,5.3
2013 Mar,38088.9,4717.4,0,8.9,0,0,121.9,101,5.7,42.7,61.3,0.7,5.5,0.3,0.1,1.7,0,0.4,0,274.2,15.6,1.4,0.2,1,18.6,0,1.7,3799.2,0,1.1,236.2,18,26017.4,0,69,16.9,8.2,18,4300.1,0,437.5,832,1947.8,0.7,147.8,115.8,2055.8,1.8,0,1.3,2679.7,325.2,0.2,0.4,1.3,4165.3,0.2,0.1,73.3,0.2,243.2,8.9,477.2,663.5,822,11.6,0,3138.7,890.9,29.8,2172.9,215.4,0.2,144.6,6399,113.2,0.8,297.9,98.2,1.2,0.5,23.7,52.3,70.6,35.3,711.5,1152,6,35.4,99.4,359.1,1.2,1.8,4.6,56,535.8,197.7,26.8,8.6,5.3,235.3,5.3,5.6,92.5,0,125.4,1153.2,30.1,851.4,5.3,709.2,0,593,1,1.8,0.2,0.1,0.5,109.5,0.1,2.4,0,0,0.1,0.4,245.8,0,152,0,0.4,0,0,0,1.4,0.2,3.6,1,0.1,4.5,0,1.6,0,0,4.3,0.7,19.6,0.2,0.3,0.4,0,0.1,0,41.4,0.9,0.5,4.4,1,0.8,3,3.4
2013 Feb,35355.1,5173.2,0,9.5,0,0,276.2,140.6,5.8,205.9,53,0.5,4,0.4,0.1,0.6,0,0.5,0.3,301.9,31.6,0.1,0.2,2,11.7,0,0,3785.9,0,0.5,305.3,36.7,23175.7,0,9.2,11.3,2.6,14.5,3692.5,0.1,351.9,701.8,1751.3,0.4,136.1,70.6,1999.6,0.2,0,0,2395.9,212.7,0,0.1,2.1,4001.3,0.1,0,6.4,0.2,417.8,10,430,712.4,934.3,8.7,0,2559.8,889.4,87.8,1581.8,181.8,0.3,0.5,6302.6,97.4,11.9,123.6,1,0.7,0.8,20.6,96.6,1.1,26.9,883.1,901.7,92.2,37.5,94.7,306.7,39.9,0.9,3.7,80.3,851.3,141.1,17.5,10.4,7.8,490.2,4.7,2.6,204.1,0,105.5,993.6,81.2,568.2,3.2,550.6,0,482.7,0.7,2,0,0,0.2,60.4,0,4.1,0,0.1,0.1,0.3,152.9,0,0.4,0,1.8,0,0.4,0,1.7,0.1,42,2,0.2,6.7,0,0.6,0.3,0,4.3,0.7,18.1,0.5,0.3,0.1,0,13.6,0,52.8,0,0.2,0.9,0.7,0.9,1.6,1.9
2013 Jan,40563.8,5553.4,0,7.6,0.2,0,155.1,156,6.3,53.7,62.9,0.7,3.5,0.9,0,1.1,0,0.2,0,173.3,162.7,0.2,0.2,2.5,18.1,0,0,4229.6,0,1.3,515.1,2.3,27814.1,0,67.5,13,9.6,14.1,4665,0,383.1,1075.8,1888.3,1,346.2,86.4,2061.3,0.3,0,1.9,2743.7,519.2,0.1,0.2,1.2,4316.6,0.1,0,12.7,0.6,206.6,35.3,426.8,1058.2,1154.9,8.2,0,2957.2,1051,86.9,2326,295,0.1,0.4,6531.6,106.3,0.2,135.7,1.4,0.8,0.4,27.8,59.9,8.3,39.5,824.9,1016.4,6.6,45.5,74.6,483.2,1.2,0.8,3.6,55,629.3,129.5,23.1,13.6,8.8,728.5,6.3,2.6,77.8,0,169.1,933.5,3.9,905.8,7.7,386.7,0,313.1,2,0.3,0.1,0.4,4,62.5,0,4.2,0,0,0,0.3,277.9,0,0.1,0,0.4,0,2.2,0,0.3,0,78.9,0.9,0.1,9.4,0.1,0.5,0,93.4,3.2,0.7,14.4,0.2,0.4,0.2,0.1,0,0,61.6,0.1,0.7,0.7,1.4,0,2.5,5.3
2012 Dec,37259.8,4705.3,0,8.6,0,0,121.7,147.8,7.8,67.4,85.9,0.5,2.8,0.2,0.2,0.7,0,1,0.1,196.3,63.1,0.5,0.1,2.9,20.1,0,0,3502,0,3,471.3,1.3,26030.8,0,94.7,10.3,15.3,9.4,4420.2,0.1,296.6,1016.9,1954.9,1.8,262.4,95,2380.2,1.7,0.4,1.7,3077.4,226.4,0.3,0.5,3,3876.6,0.2,0.1,6.7,0.6,273.6,8.8,530.7,603.3,1621.7,9.5,0,2683.9,914.5,36.9,1361.9,231.8,0.4,0.5,5582.2,96.1,45.6,108.1,2.2,1.3,73.2,25,56,1.2,34.1,730.7,979.4,7.1,28.9,86.9,375.3,95.4,1.5,4.7,54.6,517.3,138.1,26.3,9.9,10,302.3,8.1,4.4,179.1,0,114.3,703,0.8,756.8,4.3,777.3,0,706.4,0.7,0.2,0.3,0.4,1.4,63.1,0,4.5,0,0.1,0,0.1,164.2,0,0,0,0.5,0,4,0,1.7,0,38.8,1.4,0.5,6.5,0.1,1.5,0.1,0,5.7,0.6,19.4,0,0.2,7.3,0.1,0,0,69,0,0.3,0.9,1.3,0.1,1.1,3
2012 Nov,40081.3,4806.6,0,6.9,60.8,0,257.7,130.2,7,108.7,66.6,0.9,4.4,0.5,0.4,0.9,0,0.1,0.2,186.6,28.4,0.5,0.1,1.2,16.8,0,0,3543.7,0,2.8,379.6,1.6,28706,0,3.6,10.1,10.4,134.8,4461.6,0,316.9,1171,2084.3,1.3,277.4,87.5,2321.6,1.1,0.3,0,3519.7,757.4,0.1,1.7,1.7,4042.7,0.2,0.1,6.8,1.2,399.8,7.5,575.8,852.4,1684.8,7.8,0.3,2954.6,959.8,71.1,1784.1,193.3,0.5,0.6,5702.9,90.1,0.3,130.8,2.3,2,0.5,23.7,43.5,4.3,38.1,696.5,1041.2,95.4,45.3,74.7,381.2,1.6,2.1,2.9,73.8,829.1,114.7,22.2,12,8.9,383.4,5.3,9,95.2,0,147.5,607.8,8,706.6,2.8,713,0,593.5,1,3.7,0.2,0,0.5,102.9,0,3.2,0,4.5,0,3.5,152.9,0.1,0,0,0.4,0,3.5,0,0.4,0,40.3,0.6,0,9.9,0,1.3,0,0.9,14.6,0.8,13,0.2,0.1,0.6,0.4,0,0,53.5,0.1,4.2,0.6,0.9,0.1,2.8,3.4
2012 Oct,41031.8,5670.2,0,8.8,0,0,273.4,120.4,6.9,116.9,56.3,0.7,4,0.2,0.4,0.3,0,0.2,0.1,169.5,49,2.3,0.6,0.8,14.9,0,0,4347.8,0,3,491.9,1.9,27659,0.3,8.6,10.1,9.9,200.8,4022.8,0.1,310.8,1273.6,2127.8,0.6,275.9,60.5,2414.5,0.4,0.1,1.8,2824.3,408.9,0,1.4,0.8,4333.6,0.1,0,7.6,0.2,221.8,8.1,603.8,615.6,2003.3,7.6,0,2852.6,1056.7,27.6,1738.3,226.7,0.5,1,6536.2,119.9,0.2,142.5,2.8,16.7,0.6,23.7,53.7,43.5,42.7,892.5,1025.7,126.1,40.6,80.5,405.7,1.3,2.9,3,44.8,817.1,106.2,27.1,9.6,8.1,851.3,5.5,3.9,93.3,0,131,530,9.7,872.2,2.1,943.7,0,857.4,1.2,8.1,0.1,0.5,0.5,72.9,0,2.3,0,0.2,0,0.5,222.8,0,0.2,0,0.6,0,0.7,0,1.8,0.2,40.1,1.3,3.7,9.2,0.2,1.2,0.1,45.5,12.7,1.4,12.5,0.8,0.5,0.2,0,0,0,73.8,8.1,0.1,1.6,0.9,0,1.2,4.2
2012 Sep,37875.9,5248.5,0,6.9,0.1,0,138.1,132.4,7.4,186.5,90.6,0.3,3.2,0.2,0.1,0.6,0,0.2,0,170.1,42.5,0.4,0.1,0.8,14.4,0,0,3833.3,0,1.1,617.1,2.3,26139.6,0,7.4,10.7,9,209.6,3948.2,0,403.3,1421.5,2481.2,1.7,0,73,2300,0.4,0.9,1.8,2774.8,463.5,0,0.6,1,4189.6,0,0.1,7.1,1.1,78.6,4.8,673.4,668.8,1156,7.9,0,2444.1,1005.2,36.5,1374.7,381.8,1,0.3,5552.8,98,1.8,101.3,2.2,0.7,0.5,26.5,65.8,45.5,36.9,672.8,1137.4,5.4,32.2,69.8,290.3,0.8,1.1,3.9,45.5,520.6,111.7,18.6,9,7.6,804.1,4.3,6.3,73.9,0,100.1,554.6,12.1,690.1,1.5,767.3,0,684,0.9,5.9,0.4,0,2,70.9,0,2.9,0,0.1,0,0.3,167.6,0,0.1,0.1,0.2,0,0.5,0,1.6,0.1,41.4,0.5,0,7.9,0,0.9,0,0,9.9,1.2,13.4,0.2,0.2,0.4,0.1,0,0,75.5,0.1,0.2,4.7,0.9,4.3,0.9,2
2012 Aug,38629.3,5521,0,7.2,63.2,0,204.8,148.7,6.2,162.6,84.6,0.6,4,0.6,0.2,0.2,0,0.2,0,200.6,0.1,0.6,0.3,1.4,15,0,0.1,4030.2,0,2,544,43.8,25790.8,0.1,70.4,11,10.7,22.5,4067.3,0,319.4,1303,1985.5,0.2,249.8,74.9,2499.5,3.7,0.4,0,2347.5,481.8,0,1.5,2.4,4179,0.2,0.1,7.1,0.7,318.7,6.4,639.3,567.5,951.5,8.7,0,2823.7,990.3,39.1,1513.5,223.1,0.6,69.5,6349.8,109.9,0.4,128.8,1.9,0.9,1,25.8,44.5,0.9,41.1,1240.8,1074.9,6.3,50,86.9,383.1,1.5,1.6,9.7,60.9,638.7,102.2,27,17.1,8.3,365.3,4.4,5.4,92.6,0,142.4,688,226.9,758.9,1.7,731.7,0.9,626.4,1.3,2.1,0,0,2.3,93.5,0,4.3,0,0.4,0,0.4,235.9,0,0.1,0,0.2,0,0,0,1.2,0,109.8,0.8,0,7.5,0,0.6,0.1,0.4,5.6,1.5,18.1,0.2,0.8,0.3,0.1,0,0,78.4,0.1,0.1,0.5,1,2.4,3.4,2.6
2012 Jul,38990.8,5556.7,0,7.7,66.4,0,171.1,121.4,6.1,91.5,50.3,0.3,4.7,0.3,0,1.6,0,0.4,0,196.5,62.8,0.5,0.2,1.1,17.5,0,0,4174,0,2.4,561.7,18.3,26712.7,0,4,12.5,13.7,26.8,4177,0,366.1,973.1,2005.9,33.1,0,97.4,2750.9,0.7,0,2.5,2691.8,462.6,0.9,0.7,1.2,4516,0.1,0.1,8.5,0.5,98.4,6.3,911.2,729.9,1431.1,10.5,0.1,2357.4,1032.6,69.3,1564.8,315.8,0.2,39.2,5869.5,109.5,0.6,123.1,1.4,1,0.9,29.7,48,12.5,36.2,1238.6,1161.2,8.6,41.4,99.3,392.1,2.1,1.2,6.4,51.8,588,147.2,22,9,9.3,281.6,3.7,5,101.2,0,127.9,476.7,71.2,658.7,2.7,620.8,0,537.9,0.5,0.2,0.3,0.6,2.1,73.2,0,5.4,0,0.1,0.2,0.4,231.1,0.5,0,0,0,0,0,0,1.5,0,4,0.5,43.3,8.1,0,1.5,0,0.9,4.7,2.5,15.7,0.3,0.5,0.3,0,0.1,0,138.3,0.1,1.3,1,0.8,0.2,1.3,3.4
2012 Jun,41641,5098.6,0,5.3,109,0,154.8,136.6,31.8,2.9,91.9,0.6,3.6,0.4,0.6,2.5,0,0.1,0,147.7,37.4,1.8,0,5.3,14,0,0,3886.6,0,3.5,355.1,106.9,28764.9,0,2.1,9.8,14.5,31.3,4320.2,0.2,318.1,826.1,2288.4,165.6,269.5,78.1,2515.1,1.3,0.1,0.2,2676.2,739.7,0.1,1.1,0.9,4646.8,0.2,0.2,9,0.2,301.7,5.6,602.3,1054.1,1593.5,9,0,2662.3,1239.4,47.7,1944.4,228.5,0.9,160.6,6618.4,114.4,1.1,152.1,1.6,1.2,1.4,26.5,131.5,0.5,52,894.4,1093.6,10.1,58,139.4,480,64.1,0.8,7.8,37.6,1259.6,145.9,17.8,10.1,11.1,206.3,4.6,2.8,101.2,0,133.5,658.3,85.4,711.1,2.5,766.6,0,689.4,0.6,0.1,0.1,0,1.5,68.2,0,5.9,0,0.2,0.2,0.2,392.5,0,0.3,0,0.4,0,0,0,0.9,0,9.5,0.5,0.1,9.2,0,0.6,0.1,151.3,8.4,1.2,15.9,0.4,0.1,0.3,0,0,0,158.8,0.1,0.1,1.3,1.4,23.5,3,4.8
2012 May,42810.3,5876.5,0,5.1,112,0,270.5,122.5,13.5,1.3,97.8,0.6,3.8,0.7,0.4,2.7,0,0.2,0,203.9,161.5,0.7,0.1,0.4,7.8,0,0,4470.2,0,4.1,297.2,99.7,28848.5,0.1,36.4,9.6,10.2,9.4,4152.7,0,321.8,1416.8,2121.6,85.9,0,91,2678.2,1.7,0.2,2.4,2578.6,318.7,5,0.2,1.3,4159.9,0.2,0,5.8,0.1,255.1,6.5,565,1032.5,2072.2,8.1,0,2712,1191.4,166.9,2615.4,214.9,0.3,0.5,7496.7,110.7,0.5,152.3,1.1,0.8,0.9,23.3,89.3,94.7,40.6,722.7,1174,99.8,51.1,141.6,380.8,15.4,0.7,6.8,122.8,1030.6,142.3,14.2,10,30.1,572.5,6.5,3.1,90.8,0,183.3,1205.5,181.9,792.4,3.9,443.9,0,314.8,1,0,0.4,0,1.2,76.9,0,4.7,1.2,0.2,0.1,43.4,144.6,0,0,0.5,0.5,0,0.5,0,2,0.3,3.1,0.4,0,8.4,0.1,0.4,0,0,2.1,1.6,18.8,0,0.1,0.3,0.1,0,0,91.3,0.1,0.4,3.2,1,0,0.4,9.1
2012 Apr,39686.8,5073.8,0,4.6,115,0,229.7,121.1,4,1.7,86,0.8,1.2,0.7,0.5,0.6,0,0.1,0.1,173.4,113.4,0.4,0.1,0.5,18.6,0,0,3807,0,2.4,355.9,36.1,27714,0.1,62.2,9.5,12.4,11.2,3959.5,0,370.4,1421.6,2013.7,524.9,0,77.1,2770.4,0.3,0,0,2340,781.4,0.1,0.5,1.8,4385,0.1,0,9.2,0.1,144.8,5.9,603.8,1069.3,2115.5,7.6,0,2551.1,1081.6,76.4,1040.9,259.5,0.8,5.1,6261.5,95,0.3,162.5,2.1,1.1,0.9,24.8,164.1,0.8,32.2,871.9,1099.4,94.6,28.5,76.2,379.4,1.5,0.9,6,43.7,500.9,101.7,16.3,9.9,19.7,468.7,5.3,2.6,151.2,0,130,1033.6,112.7,621.6,1.4,483.5,0,412.7,0.8,1.4,0.1,0,0.1,60.7,0,6.7,0,0.1,0,0.8,153.9,0,0,0,0.2,0,0.6,0,1.2,0.1,3.2,0.5,3.5,14.5,0,2.1,0,0,11,0.8,18.2,0.1,1.9,45,0,0,0,45.1,0,0.3,0.8,0.7,0,1.1,2.9
2012 Mar,43698.7,5539.4,0,6.6,225.4,0,221.8,131.6,64.8,45,84.5,0.6,2.3,0.4,0.1,1.8,0,0.1,0.1,115.2,0,0.2,0,0.4,14.7,0,0,4352.3,0,2.3,247,22.2,29417.2,0,98.9,16.8,24.2,12.7,4559.6,0,305.9,1501.5,2069.6,564,0,78.4,2685.5,4.9,0.1,2.5,2589.8,240.7,0.1,0.7,1.1,4440.6,0.2,0.3,12.8,0.4,272.7,7.8,667.7,731.9,2388.6,10,0,2586.9,1167.3,111.7,1971.3,205.7,0.3,84,7704.4,118.2,1,143,1.9,1.4,143.9,22.7,49.4,1.2,28.3,1195.1,1246.3,154.5,31.8,84.6,362.9,1.7,0.6,9.5,142.5,1305.3,102.7,18.8,10.2,9.5,683.1,4.2,3.4,125.4,0,159.2,704.6,21.3,813.2,3.1,876.3,0,789.1,0.5,0.1,0.2,0.5,0.1,79.6,0,5.3,0,0.3,0,0.4,161.4,0,0.1,0,0.2,0,1.2,0.1,0.8,0,3.4,0.7,0.1,11.3,0.1,0.8,0.2,0,20.4,1.2,21.9,0.2,0.9,0.8,0.1,0,0,83.5,0.4,0.1,7.6,0.9,0,1.7,2.7
2012 Feb,40218.2,5312.3,0,6.1,124.5,0,345.6,113.3,11.6,40.6,86.6,0.8,2.9,1.2,0,0.7,0,0.1,0,178.1,97.2,0.1,0,0.6,22.7,0,0.1,4120.4,0,1.9,130.8,26.3,28344.3,0,54.5,9.2,15,35,3574.1,0,279,2145.1,2537.3,586.4,0,67.2,2474.3,0.7,0.1,1.8,2492.7,278.3,0.1,0.2,1.6,4327,0.3,0,7.6,0.6,232.5,7.6,600.6,423.5,1959.5,8.6,0,2628.7,1212.2,42.3,2080,173.9,0.3,86.4,6058.4,97.5,1,103.6,2,0.7,67.8,20.7,230.8,32.4,40.3,644.2,1175.4,25.7,61.6,64.5,301.9,1.5,2.3,9.9,93.9,818.1,169.7,18,9.8,6.9,278.8,4.8,2.5,83.8,0,132.4,761.5,18.5,774.1,1.9,395.7,0,328.9,0.8,0.1,0.1,0,0.1,59.8,0,4.8,0,0.2,0.3,0.6,107.4,0.1,0,0,0.1,0,1.3,0,1.8,0,4.9,0.5,0.1,9.3,0,0.5,0,0,6.9,0.7,18.8,0.3,0.3,0.1,0,0,0,26.3,0,0.1,1.2,0.8,0,0.8,32.4
2012 Jan,40266,5349.6,0,7.3,24.5,0,166.1,130,7.6,95.5,50.7,0.8,2.8,0.7,0.1,0.2,0,0.1,0,157.7,272.8,0,0,1.6,19.2,0,42.6,4089.9,0,5,272.8,1.5,27629,0.3,25.5,12.3,18.6,19.6,3940.8,0,323.7,1744.3,1969.4,389.7,0,55.5,2173.8,0.6,0,0.7,2494.5,832,0,0.5,1.4,3495.2,0.1,0.1,10.4,0.1,338.2,5.9,573.4,1239.3,2530.9,10.2,0,2361.9,818.4,34.4,1901.2,151.8,0.1,153.9,6675,106.6,0.8,119.9,1.7,0.8,0.4,18.3,34.8,1.3,27.5,1543.5,995.2,21.7,44.8,91.1,341.2,1.3,0.9,5.6,60.7,974.5,88.9,27.1,9.2,7.7,340.9,3.7,6.3,76.8,0,112.5,956.9,27.6,623.5,1.6,415,0,359.2,0.7,0,0.1,0,0.2,50.6,0,3.5,0,0.4,0.2,0.1,197.5,0,0,0,0,0,2.6,0,4.7,0,2.5,0.5,44.2,6.4,0.4,0.6,0,0,26,1.4,15.2,0.1,0,0.3,0,0,0,81.2,0.1,1.2,1.4,1.2,0.1,0.7,6.5
2011 Dec,38210.1,5489.2,0,8.4,0.1,0,188.5,130.2,6.8,8.2,126.4,0.6,3.2,0.8,0.1,0.5,0,0.4,0,133.9,126.1,0.7,0,1.2,12.5,0,0,4392,0,4.3,341,3,25534.4,0,91.1,13.1,13.4,18.5,4223.9,0,495.7,1171.6,1940.4,460.5,0,71.7,2827.9,1.1,0.2,1.7,2075.6,295.3,0.1,0.2,6.7,3989.9,0.2,0.1,12.8,0.1,83.1,6.3,644,511,1774.4,16.9,0,2492.8,995.1,94.1,963.4,239,1.2,1.5,6551.8,99.5,0.7,147.3,3.4,10.1,1.1,26.3,56.6,1.2,38.3,782.3,1199.5,11.6,52.2,69.9,434,1.2,0.9,3.5,32.8,928.5,104.7,20.6,8.5,9.2,294.2,7,6.9,139.3,0,150,1050.7,14.3,844.6,1.1,509.8,0,405.2,0.5,0,0.9,0.9,0.2,96.7,0,4.1,0,0.8,0.2,0.2,124.8,0,0,0,0.2,0.6,1.4,0,0.5,0.1,3.6,1.1,5.2,5.4,0,0.7,0,0,40,1.1,19,0.1,0.2,0.3,0,0,0,41,0.1,0.1,0.8,0.9,0,0.6,1.9
2011 Nov,41868.8,6298.3,0,7.4,239.4,0,200.9,124.1,8.5,88.6,102.6,1.1,2.2,0.9,0.4,0.3,0,0.2,0,298.1,72.7,0.1,0.1,1.3,61.4,0,0.3,4911.7,0,6.8,164.4,5,28768.5,0.1,25,8.3,8.8,56.1,4217.3,0,349.8,1425.9,2040.5,681.9,0,72.3,2681,2.6,0.2,2,2545.3,298.2,0.2,0.3,1.9,4121.6,0.1,0,12.5,0.5,385.1,19.2,562.2,1184.6,2545.4,21.2,0,2719.9,971,163.8,1423.4,175.8,0.8,43.9,5991.1,104.4,1.2,138.4,2.2,0.4,0.5,23.2,40.1,1.3,67,852.6,1271.5,102,78.5,68.5,372.3,1.3,3,2.5,32.4,742.6,140.2,27.9,10.9,16.1,169.8,7.8,3.3,83.6,0,124.5,728,40.7,729.8,2.8,705.5,0,615.8,0.8,0,0.5,0,0.1,82.3,0.2,5.3,0,0,0.4,0.1,105.3,0,0,0,0,0,10.2,0,0.6,0,3.7,1,0.1,5.1,0,0.9,0,0,18.7,0.9,15.7,1,0.8,0.3,0,0.1,0,34.7,0,0.5,7.4,0.9,0,1.2,1.5
2011 Oct,39592,4816.1,0,11.9,121.4,0,83.3,120.8,8.1,25.1,53.4,0.7,2.5,0.8,0.2,0.2,0,0.1,0,197.7,141.8,0.2,0,0.5,41.5,0,0.3,3710.9,0,3.8,262.5,28.3,27327.1,1.2,41.7,7.8,7.7,33,3748.3,0,237.3,1580.8,2016.3,340.6,0,55.9,2676.5,0.8,0,0,2712.6,292.2,0,0.4,1.9,4297.6,0.3,0.1,10.3,0.3,211.3,5.2,582.2,530.5,2922.2,18.7,0,2089.7,1204.6,132,1384.6,180.9,1.1,0.7,6767.4,101.9,1,124.4,2.6,1,0.4,23.2,50.5,1.1,35.2,934,1066.9,187,81.6,97.9,428.5,1.9,1.1,1.4,31.7,859.9,95.9,15.2,13.9,9.2,419.4,3.8,3.1,72.5,0,143.6,1132.9,40.1,782.1,2.3,537,0,389.1,0.8,0.1,0.1,0.1,0.1,140.9,0,4.6,0,0.4,0.5,0.3,144.4,0,0.4,0.1,0.2,0,7.3,0,1.3,0,0.6,0,0.1,9.8,0.1,0.5,1.3,0,7.7,1.1,16.2,0.2,1.9,0.2,0.4,0,0,65.6,0.1,0.1,14.8,1,0,2,10.9
2011 Sep,38911.6,5093.9,0.1,10.1,66.7,0,167.7,108,9.3,53.6,69.1,0.7,2.2,1.2,0.1,1.2,0,0.1,0,169.2,87.1,0,0,1.9,80.5,0,0,3917.3,0,5,289.1,53.6,25482.6,1,9.9,8.6,15.4,15.1,3835.3,0,321.2,1507.5,2036.9,347.8,0,74,2910.9,0.4,1,3.9,2196,737.7,0,0.3,2.3,3921.7,0.1,0.1,14.9,0.3,121.2,7.2,543.7,917.2,878.8,19.3,0.2,2273.6,1398.1,96.5,1069.7,194.6,0.1,0.3,7664.2,105.9,0.5,127.2,1.3,1.3,0.7,20.2,46.3,1.1,38.7,1624,1085.3,184.4,99.9,98.3,353,1.4,1,3.3,63.5,960,91.9,13,17.3,13.4,491.6,5.2,3.9,142.4,0,112.9,1298.6,107.9,547.2,1.5,591.9,0,310.1,0.6,0,0.3,0.2,0.1,265.9,0,12.6,0,2,0,0,79,0,2.9,0,0.2,0,1.2,0,0.4,0.1,1.3,0.7,3.8,2.7,0,0.6,0,0.1,6.9,1.2,15.2,0.2,2.1,0.2,0.9,0.1,0,31,0.1,0.1,3,2,0,0.6,1.3
2011 Aug,42209.2,5678.4,0,10,0,0,245,118.2,14.3,0.8,87.3,0.5,2.1,1.8,0.1,0.4,0,0.2,0,216.9,89.3,0,0.1,0.7,64.6,0,0,3975.4,0,5.2,843.6,1.7,29680.5,0.3,10.3,10.3,22.4,19.6,4035.1,0,368.9,1456.1,2189.2,540,0,75.7,2980.3,1.4,0.1,0,2274.4,523.2,0,0.3,2.6,4318,0.2,0.1,8,0.5,173.3,5.2,667.9,729.9,2815.8,10.5,0.3,2192,1469.5,140.5,2468,170,0.1,0.4,6070.3,113.5,1.4,114,67.1,2.1,0.3,21.3,55.7,1.1,64.9,809.4,1094.7,92.5,128.1,84.2,397.5,0.8,1.4,3.3,171.4,857.9,98.1,14.5,15.7,18.1,130.5,4.7,2.6,83.7,0,122.3,592.7,79.3,821.9,3.6,601.1,0,401.3,1.1,0,0.2,0.4,0,182.8,0,14.9,0,0.1,0,0.2,178.9,0,0.1,46.8,0,0,1.6,0,0.7,0.1,4.3,0.6,0,2.5,0.1,2.8,0,0,22.3,1.7,18.8,0.3,7,0.8,0.6,0.1,0,61.9,0.4,0.6,0.6,0.7,0,0.3,3.3
2011 Jul,37264.5,4871,0,11.3,0.1,0,191.1,107.9,9.7,1.7,56.1,0.8,1.5,1.1,0.2,1.3,0,0.2,0,174.2,0,0,0,0.9,52.6,0,0,4018.2,0,6.2,234.6,1,26645.3,0.3,14.6,34.7,8.3,46.7,4045.2,0,328.3,1292.4,2113.4,718.5,0,74.2,3050.5,0.5,0,1.9,2299.2,286.3,0,0.2,1.5,4235.9,0.3,0.4,8.1,0.3,15.6,9,626,817.2,1253.8,14.3,0,2202,1144.5,60.7,1746.2,181.5,0.7,12.3,5184.6,111.5,61.6,107.6,1.9,2.7,0.6,19.3,43.4,0.9,45.4,752.7,1032.4,95.2,98.2,76.7,383.1,0.5,29.4,4.6,33.3,303.4,139.9,30.9,15,18.6,124.5,5.5,2.9,72.5,0,125.8,853.3,46.3,541.7,3.4,469.8,0,371.2,0.5,1.9,0.1,0,0,89.8,0,6,0,0,0,0.2,93.8,0,0.1,0,0.2,0,0.5,0,4.9,0.1,2,0.2,0,5.4,1.3,0.9,0,0,8.2,1.2,23.1,0.1,0.2,0.5,0,0,0,39.4,0.3,0.6,0.9,1,0,0.5,2.2
2011 Jun,39185.5,5308.5,0,14.1,112.7,0,106.3,112.1,10,66.4,51.3,0.4,2,1.2,0.1,0.8,0,0.1,0,153.3,114,0.3,0,1.1,33.6,0,0.2,4165.6,0,6.6,347.8,8.6,27103.5,0.2,4,11.3,18.8,29.2,4024.5,0,332.1,1408.4,1947.5,860.6,0,58.3,2885.5,1.9,0,2.3,2795.3,444.5,0,0.3,1.9,4284.8,0.3,0.1,9.8,0.3,75.7,5.6,680,732.3,1250.2,23.2,0,2358.4,1482.3,117.4,886.2,236.4,132.7,1.1,6047.2,118.5,114.6,142.5,113.8,1.1,17.5,20.3,51.6,4.1,32,685.4,1123.4,6,116.7,84.1,383,1.1,33.2,12.3,50.1,1032.6,98.5,46.8,17.9,8.1,387.6,5.9,4.5,59.5,0,143,472.9,102.9,552.6,3.1,617.1,0,512.7,0.4,0,0.2,0.1,0,87.4,0,15.2,0,0.2,0,0.8,109.2,0,0.1,0,0.1,0,0,0.3,0,0,14.3,0.5,0.1,4.2,0,0.2,0,0,16.5,0.7,21.9,0,7.8,0.3,0.6,0.1,0,37.1,0,0.3,0.6,1,0,0.8,1.6
2011 May,39756.7,5658.1,0,7.9,118.3,0,289.4,130,94.4,0.5,70.5,0.5,3.1,1,0.1,1.2,0,0,0,299.9,32.3,0.2,0,12.7,46.1,0,0,4030.9,0,3.5,513.4,2.1,27180.8,0,1.7,6.2,51.5,11.6,4116.6,0,335.4,1692.1,2213.5,582.7,0,61.1,2442.7,1.6,3.2,0,2600.8,455.6,0,0.3,2.4,3789.6,0.1,0,6.7,0.1,43.9,5.6,719.8,856.1,2126.5,13.5,0.1,2265.6,1143.5,90.8,1311.3,178.2,49.8,0.6,6271.8,117.5,0.4,163,1.7,0.7,0.5,16.9,81.6,103.6,50.8,1175.7,1101.2,87.6,208,91.8,384.3,1.2,1,4.6,46.4,573.4,98.6,35.5,16.8,18.8,293.5,5.3,6.2,59.6,0,141.2,578,111.2,693.3,2.1,523.3,0,447.6,0.7,0,0.1,0,0,68.5,0,5.8,0,0,0,0.5,122.7,3,0,0,0.1,0,0.1,0,0,0.3,1.3,0.5,3,3.3,0.1,0.9,0,0,7.1,0.6,23.8,0,2.2,0.5,0,0,0,66.4,0,0.2,1.3,0.9,4.2,0,2.8
2011 Apr,38518.7,5702.4,0,6.1,105.5,0,190.8,122.2,86.4,195.1,34.9,1,3.9,1.5,0.1,2.5,0,0.1,0,117,90.3,0.5,0.1,0.5,60,0,0.1,4235.1,0,5.8,398.4,44.4,25992.4,0,2.8,10.4,20.2,5.8,4096.4,0,430.9,1848.2,2105.4,297.8,0,76.4,2661.6,1,0,0,2006.2,215.4,0,0.7,1.1,4311.7,0.3,0,5.6,0.3,76.1,5.3,669.8,729.1,1422.7,8.6,0.1,2164.3,1262.7,136.5,1275.6,142.2,0.1,1,6249.8,134.3,1.3,137.2,1.9,4,146.2,18.8,145.8,54.1,36.2,776.7,1173.5,185.8,132.6,94.3,363.9,17.2,1.3,6.1,41,777,78.1,16,11.1,10.6,322.6,5.4,5,73.7,0,148.6,599.7,182,544.7,3.3,391.5,0,321.7,0.2,0,0.2,0,0.1,66.1,0,2.6,0,0,0.1,0.4,182.4,0,0.2,0,0.2,0,0.2,0,0.4,0,0.8,0,21.4,9.7,0,0.5,0,0,4,1.9,22.5,0.2,42.9,0.3,0.2,0.1,0,67.4,0,0.5,0.7,0.6,6.1,0.1,1.4
2011 Mar,43060.8,5382.1,0,6.1,0.1,0,273.3,117.3,75,144.9,71.1,0.8,2.8,1.9,0.1,3.9,0,0.1,0.1,180.9,0,0.1,0.1,13.1,40.7,0,0,4017.2,0,5.4,418.1,9,30249.7,0,26.3,8.5,44.6,7.1,4598.7,0,345.9,1434.1,2199.6,410.6,0,62.9,3593.8,0.9,0,5.1,2333.9,130.3,0.1,0.2,1.8,4578.1,0.1,0.1,5.5,0.4,121.7,7.4,695.3,1211,2652.5,33.4,0.1,2407.9,1148.8,119.3,1716.3,146.9,115.4,85.3,6845.6,128.7,42.6,142.7,61,0.9,24.8,17.6,41,28.7,45.4,869.3,1187.5,75.9,130.5,139.9,347,86.5,2,1.3,54.1,805.7,124.4,19.7,11.4,11.6,573.6,7.1,2.6,86.6,0,163,813.4,239.9,557.7,1.7,441.2,0,378.5,0.4,0.1,0.5,0,0.1,57.5,0,2.7,0,0.9,0,0.5,142.1,4.6,0.1,0.5,0,0.2,0.5,0,2.9,0,2.2,0.3,0.1,12.8,0.5,1.6,0,0,7.2,0.8,23.9,0.2,10.3,0.2,1.2,0.1,0,47.9,0,0.8,0.7,0.7,19.1,0.4,2.3
2011 Feb,32126.6,4542.4,0,2.8,111,0,181.2,108.5,53,1.1,58.2,0.3,2.1,0.9,0,2.7,0,0,0.2,163.4,183.5,0.2,0,6.9,31.6,0,0,3478.8,0.4,2.2,152.2,1,21631.9,0,8.9,7.4,19.9,9.1,3102.1,0,226.2,1465.3,1568.7,614.3,332.2,44.3,2457.8,0.5,0,3.1,1566.6,384.6,0,0.4,1.1,3532.8,0,0.1,8.1,0.1,95.3,7.6,667.5,284.8,1169.8,8.3,0,2077.2,1036.5,28.8,614.2,106,128,54.5,5348.6,99,0.9,106.2,78.7,0.5,55.6,12.7,35.2,39.4,32.8,652,830.2,5.8,265.1,79.7,283.7,44.9,30,2.4,39.4,573.7,102.4,7.4,8.1,8.1,363.9,5.6,3.2,64.7,0,122.5,946.9,28.3,417.3,2.3,485.4,0,430.3,0.2,0,0.1,0.1,0.2,48.3,0,5.7,0,0.1,0,0.3,118.3,0,0.1,0,0.2,0,0.5,0,6.4,0.2,41.5,0,0.1,6,0,0.5,0,0,7.4,0.9,18.7,0.4,0.2,0.4,1.7,0,0.1,22.5,0,0.7,6.1,0.6,0,0,3.1
2011 Jan,37583.8,4964.5,0.3,6.4,194.5,0,293,108.9,13.9,49.7,43.5,0.5,2,0.7,0.1,7.6,0,0.1,0,158.7,88.1,0.2,0.2,1.9,73.9,0,0,3571.6,0.2,6,322.7,19.9,25562.3,0.2,2.4,8.2,13.7,7.6,4040.4,0,350,1488.8,2204.7,371.3,0,62,2799,4.6,0,2.8,2258.3,452.2,0.1,0.3,1.8,3860.6,0.2,0,5.7,0.5,217.1,11.7,734.8,840.1,1351.4,28.3,0.4,2101,1061,118.7,976.3,133.1,0,52.8,6309.2,115.8,0.9,113.6,1.3,2,26.9,12.7,72.1,31.9,34.1,748.3,912,69.2,184.3,79,345.5,1.1,0.5,7.2,61.2,347.1,104.8,23.7,11.8,12,580.1,4.5,3.2,75.1,0,135.3,1568,55.5,565.9,2.7,620.3,0,528.9,0.5,0,0.2,14.3,0.2,66.8,0,7.8,0,0.7,0.5,0.4,127.5,0,0,0,0.2,0,2.4,0,10.4,0.1,2,0.2,6.4,9.5,0.4,25.7,0,0,5.8,0.7,20.2,0.1,5,0.9,0.3,0.2,0,31.5,0,0.2,0.4,0.8,0,0,4.3
2010 Dec,36115,4842.5,0.4,5.9,172.8,0,168.1,113.6,15.8,1.1,48.1,0.9,2.3,1.5,0.1,4.2,0,0.1,0,137.1,102.4,0.2,0,1.3,59.3,0,0,3789.9,0,2.4,214.5,0.7,24935.7,0,6.5,8.5,13.9,7.7,3895.5,0,337.4,1344.8,1963.4,133.1,297.1,64.9,3044.6,1.3,0,2.3,2050.2,289.9,0.2,0.3,2.3,4143.3,0.1,0.2,6.3,0.5,92,26.4,796.4,703.5,1488.4,10,0,2115.4,1206.2,60.9,629.6,148.1,0.4,44,5790.3,120.3,1.3,101.8,1.4,1.8,13,17.2,38.9,0.8,39,912.7,1058.1,9,130.4,70.6,352.9,0.8,41.8,6.3,85.4,432.6,121.8,15.4,14.6,9.5,388.1,5.1,10.9,93.5,0,121.7,850.8,14.1,706.5,2.3,449.3,0,373.7,0.7,1.1,0.1,0,0.1,67.9,0,3.7,0,1.1,0.7,0.3,97.2,0,0,0.2,0,0,0.4,0,6.9,0,1,0.5,0.1,1.3,0.1,0.6,0,0,5.6,0.6,24.7,0.2,9.5,0.3,0,0.1,0,37.5,0,0,0.7,1.4,0,0.3,4.8
2010 Nov,35795.6,5033,0.1,6.2,164.9,0,176,109.4,18.7,1.2,51.9,0.5,1.6,1.7,0.1,0.4,0,0.1,0.1,197.9,0.1,0.1,0.1,0.5,41.4,0,0.1,3936.6,0,2,303.2,18.1,23996.3,0,2.2,5.5,10.2,6.9,3914.4,0,386.3,1043.5,1925.8,491.4,0,74.2,2759.7,0.2,0,0.1,2348.8,370.8,0.5,0.3,1.7,4426.9,0.2,0,6.6,0.3,69.3,4.1,666.6,548,862.1,8.8,0,1953.8,1116.9,35.6,756.8,161.8,0.8,35.3,6205.1,123.4,1.4,96.3,7.7,2,1.7,15.5,42.7,0.4,43.5,967.1,1009.4,15.1,121.8,103.7,331.4,1.1,30.5,6.7,33.8,658.9,118.8,15.8,16.6,9.1,456.6,5.7,3,72.7,0,139.3,926.1,20.7,804.4,2.2,450.7,0,375.3,0.2,0,0.4,0,0,72.1,0,1.5,0,0.2,0,0.8,110.5,0,0,0,0,0,1.2,0,0.6,0,0.9,0.1,0.1,0.3,0,0.8,0,2,2.5,1.1,21.1,0.4,0.7,1.2,0.1,0.2,0,65.9,0,0.4,1.2,0.4,2.5,0.7,6
2010 Oct,35674.4,4822.5,0.4,5.6,43.4,0,105.1,118.7,7.6,0.7,72.8,0.7,2.6,0.7,0.1,0.3,0,0.1,0,153.7,37,0.4,0,1.2,81.5,0,0,3885.9,0.1,3.4,299.1,1.3,24418.9,0,3.7,5.7,7,5.1,3401.5,0,327,916.6,2198.7,222.9,176.2,72.2,2885.9,1.8,0.1,2.4,2436.9,213.2,0.1,0.2,1.5,3946.6,0.2,0,4.5,0.6,147,5.9,1298.9,447.7,1888.5,9.4,0,1838.1,1077.5,29.3,707,137.7,1.3,0.3,6011.9,118.8,0.7,86.8,2.1,1.8,29.2,15.8,47,0.6,43.6,1383.3,1000.3,4.1,121,79.3,334.9,1,0.9,1.6,42,667.6,127.8,13.4,7.8,6.8,512.7,5.1,8.1,68.1,0,121.5,559.1,60.2,536.8,1.8,330.1,0,275.1,0.2,0.2,0.3,0,0,46.2,0.1,6.2,0.3,1.3,0,0.2,91,0,0,0,0.5,0,1.6,0,1.1,0.1,8.8,0,0,0.3,0,1.6,0,0,1,2.6,21,0.2,0,0.4,0,0.1,0,44.1,0.1,0.4,1.4,0.4,0,0.4,4.9
2010 Sep,35562.6,4760.2,0.2,6.6,0,0,130.2,129.1,22.4,1.5,70.9,0.4,3.2,0.9,0.1,1.6,0,0.1,0,94.7,0.1,0.1,0.1,1.7,121.1,0,0,3881.9,0,2.4,289,1.7,24785.3,0.4,2,6,6.3,23.8,3727.1,0,393.4,1122.8,1930,269.3,202.3,79,2905.4,1.5,0,0,1900.4,356.8,0.3,0.5,1.8,4136.5,0.1,0,4.1,0.4,56.4,5.7,1604.9,625.8,1058.4,9.8,0,2173.2,1298.4,53.6,689.3,138.9,0,0.3,5466.6,101.9,1.4,125.2,48.4,1.3,0.7,13.5,87.1,136,35.4,790.3,977.5,19.8,152.2,87.2,248.6,56.5,0.8,1.8,43.3,745.3,104.9,17.6,5.3,7.6,429.9,5,3.4,57.8,0,146.4,446.1,63,502.6,2.6,439.4,0,365.9,0.2,0.1,0.3,0.1,0.3,52.5,0,19.1,0.1,0.2,0.2,0.3,111.2,0,0,0,0,0,1.3,0,1.6,0,1.1,0,0,0.2,0,0.1,0,0,0.5,1.2,22.5,0.2,4.2,4.9,0.1,0.1,0,66.9,0,0.3,1.7,0.5,0,2,1.6
2010 Aug,36208.6,5220.1,0.3,8.9,36.9,0,131.2,119,11.8,64.8,111.9,0.5,3.4,1.8,0.5,4,0,0.1,0.1,236.5,7.3,0.1,0,2.9,164.2,0,0.1,3911.5,15.9,3,342.6,41,24992.2,0,3.6,4.1,5.1,10,3997.2,0,452.8,1000.5,1732.9,291.4,101.1,79.5,2926.9,1.5,0,0,1779.9,284.9,0,0.3,3.1,4095.8,0.2,0.1,4.2,0.5,207.5,36.1,1753.1,609.9,1288.2,8.8,0,2287.9,1158.5,77.9,461.2,211.4,102.1,13.9,5192.6,113.7,35,118.3,31.1,1.3,0.4,14.3,42,12.8,49.8,646.1,1046.4,5.8,155.1,99,318.9,1.2,0.9,3.3,45.3,354.2,129.6,14.8,9,9.4,299.1,6.3,4.3,75.9,0,134.1,623.4,22.8,765.4,3.4,714.1,0,644.8,0.2,0,0.3,0.1,0.2,60.9,0,5.2,0,0.2,1.7,0.6,89.7,0,1.2,0,0.7,0,1.3,0,2.3,0,1.8,0,4.9,4,0.5,1.1,0,0,1.1,0.8,21.1,0.2,4.8,1,0.4,0,0,27.3,0.1,0.4,0.3,0.6,9.6,0.6,3.5
2010 Jul,38506.4,5044.1,0.6,4.3,15.2,0,145.5,114.2,22.7,31.3,53.5,1.4,1.8,1.2,0.1,4.6,0,0,0,140.8,42,2.4,0,1.1,57.9,0,0.1,4234.4,0,3.2,164.8,1,26413.2,0,102.6,9.3,66.6,6.6,4269.3,0,415.5,857.4,1892.9,386.4,102.2,94,2844.6,0.6,0.1,0,1865.2,287.5,0.4,0.1,2.1,4351.9,0.2,0,5.9,0.8,104.4,5.3,1464.6,728.4,1418.9,27.9,0.4,2498.9,1198.1,42.8,1154.5,205.8,0.7,0.2,6252,111.9,0.6,113.5,92.2,1,18.7,14.2,46.3,33.4,57.5,1114,1033.3,18.7,167.9,140,317.3,47.2,1,6.1,38.5,659.5,134.3,15.5,10,9.4,355.4,5.9,2,77.5,0,124.8,697.3,39.8,746.2,1.1,628.5,0,534.1,0.2,0,0.3,0.2,20.5,66.4,0,6.7,0,0,0,0.2,168.6,0,0.2,0,0.2,0,0.4,0,1.6,0,3.9,0.2,0.2,9.8,0,20.5,0,0,1,1,21.6,0.1,0.6,0.5,0.1,0,0,52.3,0.1,0.5,0.5,0.7,48,1.6,3.2
2010 Jun,37674.5,5236.8,0.7,9,21,0,138.6,117.3,22.8,1.4,49.8,0.5,2.2,1,0.1,4.5,0,0.1,0.1,174.9,74,0.9,0,1.2,48.4,0,0.4,4088,0,5.8,473.8,0.4,26406.9,0,64.7,6.3,4.4,38,4045.9,0,426.8,1343.9,1916.6,361.8,109.8,66,2914.6,1.2,0.1,3.4,2338.2,402.9,0.9,1,1.9,4068.6,0.3,0.1,9.6,0.4,119.1,10.1,1258.8,580.1,1323.7,13.4,0,2547.1,1220.9,53.4,996.3,156.3,0,0.1,5556.7,112.6,0.7,113.8,2.2,1.1,0.5,13.7,52.1,0.5,50.9,697.2,1055.8,8,135.7,104.1,299.3,0.8,0.6,4.7,35.7,705.4,208.5,13.6,9,6.2,538.2,3.8,3.1,74.6,0,144.3,331.5,117.8,709.6,1.3,386.3,0,305.5,0.2,0.1,0.4,0,0,77.4,0.2,2.3,0,0,0,0.3,87.8,0,0.1,0,0.1,0,0.2,0,1.3,0,1.5,0,0,4.1,0.2,0.8,0.5,0,1.7,0.5,24.2,0.1,12.3,3.2,0.1,0,0,32.5,0.1,0.8,0.6,0.5,0,0.2,2.1
2010 May,33511.6,4845.9,0.2,6.7,91,0,84.2,130,22.9,32.1,59.4,0.2,2.3,1.5,0.2,2.5,0.1,0,0,110.2,0,1.1,0,2.3,42.1,0,0.2,3970.4,0,3.4,281.9,1,22765.9,0,60.9,4.6,9.7,38.3,4031.2,0,348.1,957.4,2016.1,121.3,352.6,59,2472.3,1.2,0,0,1836.8,54.6,0.1,1.5,1.8,3902.1,0.2,0.1,8.3,0.1,60.4,7.1,1024.8,316.9,1099.3,14.2,0.1,2069,1067.5,69,609.4,147.9,0.2,1.3,5374.8,117.9,0.7,116.4,2.5,1.4,0.5,12.5,48.5,0.3,44.6,626.8,1031.9,83,80.9,93.9,309.4,0.8,0.5,6.7,45.3,695,243.4,15.9,7.7,6.9,398.1,3.1,3.3,74.6,0,138.6,385.2,148.4,628.4,1.7,430.9,0,358.8,0.9,0,0.5,0,0.1,67.9,0,1.5,0,0.1,0.7,0.3,94.2,0,0,0,0.3,0,0.3,0,1.1,0,1.4,0.4,0,1.2,0.9,0.6,0.4,0.1,3,0.7,19.6,0.1,7.4,0.7,0.2,0.1,0,33.8,0,0.2,0.4,0.5,7.2,0,13.4
2010 Apr,36719.9,5512.7,0.7,40.2,0,0,192.2,121.8,27.6,0.6,58.8,0.7,2.3,2.5,0.2,3.6,0,0.1,0,99.8,27.4,0,0,0.4,81.1,0,0,4362.2,0,4.7,483.7,1.9,25090.5,0,21.1,3.7,42.2,12.8,4102.9,0,364,1024.8,2234.4,216.2,221.7,66.6,2992.4,35.6,0,0.1,2259.6,171.1,0.9,1.1,1.7,4238.5,0.5,0,15.1,0.2,135.8,5.2,716,635.4,1267.3,8.1,0.2,1911.9,1171.5,100.9,903.4,205.4,0.3,1.6,5295.7,125.4,1,113.9,3.3,0.7,0.5,15.1,58.7,91.5,29.2,642.2,984.9,6.1,46.9,114,324,0.3,0.7,3.2,48.4,951.1,168.4,12.8,6.3,3.4,180.4,3.9,2.7,72.4,0,174.1,381.3,157.7,569.6,1.6,655.5,0,593.2,0.2,0.1,0.5,0,0.1,58.4,0,2.7,0,0,0,0.4,165.5,1.8,0.2,0,0.1,0,0,0,7.7,0,1.4,0.2,7.5,1.3,0.1,24.4,0,36,2.9,0.9,20.9,0.1,8.8,0.7,0,0.1,0,38.3,0,0.4,0.8,0.3,8.2,1.1,1.3
2010 Mar,36362.9,5475.1,0.5,4.9,0.1,0,221.4,133.5,15.3,32.4,89.6,0.3,1.8,0.9,0.1,2.3,0.1,0,0,122,102.4,0,0,0.4,75,0,0.2,4478.3,0,5.5,187.5,0.6,24259.5,0,11.1,6.4,3.1,23.9,3769.7,0,485.1,1095.4,1962,185,0,90.8,3060.6,1.5,0,2.7,1928.6,237.6,0.3,0.1,2.7,4247.3,0.1,0.1,18.3,0.1,54.1,6.2,695,846.6,1172.1,9.7,0,2033.3,1208.9,188.5,698.6,211.9,0.1,1.7,5764.4,144.5,23,120,2.1,0.9,0.7,14.6,53.6,42.1,46.6,654.1,1209.8,7.5,83.4,104.4,384.9,0.3,20.6,3.1,38.5,680.7,155.7,14,8.2,5.6,409,4.6,3,74.2,0,161.2,490.6,164.7,636.1,2.1,629.4,0,533.8,0.2,0,0.2,0,0,90.9,0,3.3,0,0.7,0.1,0.2,234.6,0,1,0.5,0.4,0,0,0.3,15.4,0,65.3,0.8,0,5.6,0.7,0.5,0,0,4,0.9,19.8,0.1,1.7,0.3,0,0.1,0,112.6,0,0,0.6,0.8,0,1.3,1.8
2010 Feb,30904.7,4255.2,1.6,4.3,0.2,0,142.4,120,8.6,0.4,51.2,0.4,1.5,0.4,0,2.1,0,0.1,0.1,140.5,93.1,0.3,0.1,0.7,80.4,0,0,3324.1,0,3.6,278.5,0.7,21219.2,0,14.5,14.4,5.4,17.9,2842,0,292.2,803.7,1773,246.7,76.2,71.8,2436.6,0.2,0,0.1,1684.1,495.3,0.1,0.7,1.9,3768.3,1.1,0,16.1,0.3,13.4,4.4,617.5,742.8,1373.9,7,0,1805.7,1159.5,34.3,681.6,214.8,0.1,1.5,4877.6,108.8,0.5,75.1,56.4,0.7,10.4,10.7,44.9,107.6,34.4,759.4,847.9,24.5,57.3,72.5,242.5,0.6,0.4,3.4,30.9,471.1,111.3,7.1,6.3,3.8,388.9,19.8,1.9,66.8,0,140.6,528.8,125.9,513.2,3.1,438.6,0,370.2,0.1,0,0.1,0,0,64.8,0,2.8,0,0,0.1,0.4,114.1,0,0.3,0,0.1,0,0,0.1,8,0,2.9,0.2,0,9.3,0.2,18,0.3,0,0.6,1.2,18.8,0.1,0.3,0.1,0.5,0,0,45.7,0,0.7,1,0.8,0,0.7,4.1
2010 Jan,33290.1,4687.7,0,3.5,0.2,0,124.8,110.2,20.3,42.6,38.3,0.4,1.7,0.8,0.1,1.7,0,0,0,125.2,33.5,2.6,0,1.9,120.6,0,0,3656.2,0,5,397,1.1,23073.5,0.1,7.1,3.5,4,26.3,3856.2,0,431.2,1055.2,1639.9,65.3,0,65.4,2292.2,0.7,0,0.1,2298,442.3,0,0.2,2.1,4285.1,0.2,0,13.8,0.2,47.8,6.9,626.3,719.1,1056.3,7.4,0,2021.4,1116.5,28,696.9,253,0.2,4.3,4815.7,121.2,0.9,94.5,1.4,1.1,0.5,14.4,42.1,0.3,27.9,925.7,874.5,5.3,46.7,141.6,365.9,0.5,39.6,0.8,33.9,258.5,152.5,20.2,8.3,6.8,210,2.4,3.4,64.3,0,127.6,648.2,87.4,485.1,2.1,590.1,0,525.5,0.3,0,0.1,0,0.2,58.5,0,5.4,0,0,0,0.1,123.1,0,2.6,0,0.1,0,0.4,0.1,6.6,0,2,0.3,0,8.5,0,6.2,0.1,0,1.6,0.7,19,8.9,0,2.3,0.3,0.2,0,52.7,0,0,1.3,0.9,0.4,5.5,2.4
2009 Dec,33885.8,4756.3,0.4,18.7,49.4,0,197.4,100.7,40.1,47.7,32.2,0.6,2.2,0.6,0.1,5,0,0.1,0,72.8,92.1,0.1,0,5.6,127.8,0,0,3702.2,0,2.7,213.2,44.3,22487.1,0,26.3,24.6,2.3,43.3,3681.1,0.8,464.2,602.7,1874.1,106.7,13.8,63.9,3026.5,0.9,0,3,1879.5,435.9,0.1,0.2,3.3,4079.1,0.2,0.1,11.2,0.5,75.6,6.5,687.3,675.4,1294.6,9.6,0,1625.7,1134.3,67.3,348.5,216,0.3,1.8,5785.2,135.8,0.7,75.7,65.2,1,29.7,11.4,43.7,0.8,60.4,830.5,1049.7,19,54.9,177.4,370.2,0.3,1.2,2.1,41.5,599,181.4,29.7,7.3,8.8,505.8,4.1,2.8,72.6,0,142.2,457.6,104.7,695.8,1.9,722.7,0,507.1,0.2,0,0.2,81.2,0,106.7,0.2,25.5,0,0.1,0.7,0.8,134.6,2.3,0.1,0.2,0,0,2.5,0,8.4,0,8.7,0.1,6.7,0.1,0,0.8,0,0.1,1.7,1,22.7,0.4,0.3,0.5,0.4,0.3,0,66.4,0,0.2,0.8,0.8,0,7.1,1.8
2009 Nov,31415.5,4653.1,0.8,5.9,1.1,0,128.3,133.5,63.4,0.6,35.3,0.5,0.9,0.6,0.2,0.6,0,0,0,79.6,85.3,0.1,0,0.6,101.9,0,0,3672.7,0,3.5,336.9,0.7,20776.7,0,46.9,4.4,5.1,38,3545.4,0,429.2,542.4,2046.7,126.9,0,85.4,2421.1,1.6,0.1,3.2,1830,415.1,0,0.3,13.1,3714.4,0,0.1,10,0.9,20.3,6.2,614.9,546.4,818.6,14.5,0,1608.8,1083.3,83.4,495.3,201.6,0.2,2.9,5179.1,112.5,1.4,118.5,1.4,1.1,0.4,12.2,53.6,25.3,64.5,770.2,987.3,7.4,53.2,109.9,356.3,151.4,1,1.2,35.1,554.4,116.8,13.1,5.7,6.4,272.8,3.5,2.5,59.6,0,136.4,382.1,81.5,677.6,2.7,643.8,0,545.6,0.1,0.3,0.6,0,0,92.5,0,3.8,0,0,0.7,0.3,162.9,0,0.3,0.1,0.1,0.1,1.7,0,1.6,0,1.6,0.5,0.1,0.2,0.1,3.6,0.1,0,5.8,2.2,21.9,0,0.1,0.2,0,0.1,0,46.2,0.1,0.3,2.9,0.9,0,0.6,71.3
2009 Oct,32568.1,4434,1.2,5.5,59.1,0,137.7,115.4,14.8,31,34.8,0.3,1.4,2.7,0.2,0.1,0,0.2,0,86.7,47.8,0,0,0.2,83.1,0,0.1,3468.8,0,2.1,338,2.7,22080.2,0,7.8,2.4,7,38.8,3382.1,0,456.6,781.4,2189.1,194.1,72,82.3,2615.8,0.7,0.1,0,1948.6,184.7,0.1,0.2,1.4,4144.5,0,0.1,10.4,0.4,2.2,5.3,594,687.6,913.6,10.4,0,1767.1,1005.6,70.6,466,334.8,101.6,0.9,5232.2,122.1,0.2,90.4,30.5,1,32.7,17.5,53.7,0.7,74.8,680.4,1207.8,5.8,42.6,115.1,326.9,35.5,40.4,1.8,39,375.1,237.3,25.1,8.9,4.4,272.7,2.8,2.8,65.1,0,122.9,493.7,117.3,583.8,1.2,665.7,0,568.4,0.2,0,1.4,0.5,0.1,85.3,0,8.2,0,0,1.2,0.2,156.1,0,0.4,0,0,0,0.6,0,1.2,0,2.5,0.7,0.1,0.3,0.1,0.5,0,67.2,2.2,1.6,22.1,0.2,0.8,0.3,0.2,0,0,35.3,0.1,0.2,2.6,12.1,0.1,1.8,3.1
2009 Sep,33242.9,4687.6,0.8,4,0.3,0,176.9,127.6,22.1,23.3,35.1,0.5,1,1.5,0,1.1,0,0,0,85.4,97,0,0.1,0.9,47.9,0,0,3586.4,0,2.5,472,0.9,22322.2,0,6.2,2.6,6.6,38.3,3573.1,0,385.8,655.5,1924.8,209.6,272.6,83.4,2475,1.2,0.1,3.3,2391.2,157,0,0.1,2.3,3606.1,0.9,0.3,10,0.2,119.1,6.8,645.8,499.9,1256.5,8.5,0,1752.2,1139.8,102.4,661.3,322.5,0.5,0.4,5583.9,111.1,0.3,112.1,48.3,0.6,0.3,17.7,73.3,17.8,75.8,1211.7,971.6,5.2,37.4,151.4,357.3,0.5,0.8,1.9,70.3,352.8,173.1,16.4,5.1,13.9,498.5,4,2.3,62.5,0,108.5,361.4,56.5,661.3,2.2,495.9,0,417.9,1.6,0,0.2,0.1,0.1,69.2,0.1,6.4,0,0.1,0.1,0.2,153.3,0,0.3,0,0,0,0.7,0,3.1,0.1,40.6,0.5,32.7,0.2,0,1.5,0,0,2.2,1.2,21.7,0.1,0.8,0.6,0,0.1,0.1,43,0,0.5,0.9,0.4,0,1,0.9
2009 Aug,30161.7,4587.5,0.7,4.1,74.9,0,180.9,122.8,19.9,1.1,33.2,0.6,0.8,0.6,0.1,1.2,0,0,0,75.3,53.5,0.2,0,10,110,0,0.1,3558.6,0,3.1,334.6,1.1,19972.8,0.2,26.7,23.1,7.8,17.4,3169,0,320.5,845,1651.7,303.4,118.6,61,2181.5,0.1,0.1,3.4,1731.8,439.8,0.1,0.7,2.1,3427,0.2,0.1,15.3,0.6,67.5,4,651.7,298.3,819,9.1,0,1900.2,1135.7,71.8,356.3,309.1,2.4,0.8,4841.2,99.8,0.8,87.6,50.7,0.7,0.3,12,54,42.6,35.7,588.3,1036.8,48.4,37.1,127.8,363.2,0.3,1.2,9.8,44.4,507.6,137.2,12,11.8,9.8,409.3,2.8,1.9,73.1,0,112,331.3,78.9,483.3,28.4,586.8,0,491.7,0.3,0,0.2,0,0.1,87.6,0,6,0,0.6,0,0.3,173.4,0,17,0,0.6,0,0.4,0,1,0,1.3,0.7,0,0.2,0,2.5,0,46,2.6,0.6,18.8,0.3,0.9,0.7,0.2,0,0,35.7,0,0.2,1.6,0.5,0.4,0.4,40.9
2009 Jul,31670.3,4335.4,0.8,4.1,92.8,0,174.2,135.8,28.8,1,31.5,0.3,1.3,0.7,0,1.6,0,0,0.1,59.7,83.3,2.4,0,0.8,35.4,0,0,3420.6,0,4,256.1,0.1,21579.4,0.2,29.4,3.8,9.7,28.6,3408.2,0,348.4,682.1,1779.8,229.6,101.6,90.5,2586.6,0,0.1,4.4,2195.6,146.2,0.1,0.1,1.1,3706.4,0,0.1,18,0.5,56.9,18.4,621.5,648.4,984.3,11.3,0.1,1735.2,1189.1,72,619.6,248.8,0.8,1.9,5041.3,112.1,0.1,124.4,57.5,0.6,0.7,12.3,57.2,136.2,39.6,690.1,1009.6,7.9,29.5,139.3,327.8,0.5,1.1,3.2,38.9,386,244.3,11.8,5.5,5.8,282.4,4.9,2.5,67.3,0,158.5,476.5,55.8,548.8,2.3,614.6,0,538.4,0.7,0,0.2,0,0,67.6,0,6.7,0,0.1,0.6,0.3,99.7,0,7.8,0,0.2,0,0,0,1.2,0.1,3.3,1.1,0,2.7,0,0.7,0,0,4.6,0.6,19.1,0.1,0.3,0.3,0.6,0,0,46.6,0,0.2,0.8,0.6,1.5,1.6,5.8
2009 Jun,29799.1,4062,0.9,4.6,129.4,0,130.6,137.2,19.6,1.3,31.7,0.5,1.7,0.6,0.1,2.5,0,0,0,76.3,0.1,1.6,0,0.3,30.4,0,0,3148.2,0,3.3,338.8,2.3,19884.7,0,32.8,16.2,7.3,50.2,3165.1,0,327.1,641.3,1547.9,197.1,166.7,61.2,2448.5,0.3,0.1,2.3,1534,311.7,0,0.1,1.5,3542.4,0,0,15,0.3,83.8,6.5,623.7,377.9,972.5,10,0,1873.6,1008.3,17.5,576.5,264.8,0.3,0.3,5226.4,100.2,1.3,108.2,43.1,0.7,0.3,10.8,90,1.5,40.7,1553.7,866.7,7.8,38.5,108.7,339.1,137.8,1.2,4.1,47.3,335.4,134.3,11.1,5.6,8,107.7,6.5,1.8,129.1,0,118.5,326.6,8.8,529.1,2.1,541.1,0,461.3,0.2,0,0.4,0.1,0,64.9,0.4,13.6,0,0,0,0.1,84.9,0,0.1,0.5,0,0,0.2,0,0.3,0.4,0.8,0.6,5,2.5,0,1.8,0,0,3.4,0.4,15.1,0,0.2,3.5,0.3,0,0,42.4,0.1,0.3,0.7,0.5,4.8,0,0.9
2009 May,27818.2,3907.3,0.9,4.1,119.3,0,68.4,122,9.1,4.7,18.4,0.4,1,0.7,0,1.7,0,0.1,0,51.8,0.1,0.2,0.1,0.2,56,0,0.1,3091.6,0,2.9,353,0.6,18334,0.5,29.1,3.3,6.9,87.3,2853.9,0,274.6,487.8,1478.3,215.5,66.7,60.1,1843.3,0.5,0,2.5,1596.6,300.6,0,0.1,1.2,3182.4,0,0,10.2,0.1,54,3.4,536.3,459.6,1059.8,10.3,0,1642.3,937.6,39.6,784.5,302.6,1.2,1.2,4834,91.9,0,105.3,0.6,0.8,1.1,11.3,73.2,27.5,38.7,1602.5,859.1,55.2,44.8,109.6,219,1,1.1,2.6,34.8,259.9,209.4,16.2,4.7,56.7,69.8,4.8,1.1,66.9,0,100.2,283.2,14.3,437,29.6,668.1,0,541.2,0.3,0,0.3,0,0,84.7,0,16.9,0,0.1,0.3,24.3,74.8,0,0,0,0,0,0.7,0,0.1,0,1.5,0.7,0,1,0,0.4,0,0,8.6,1.1,17.5,0,0.4,0.1,0,0.1,0,33.7,0,0.3,0.4,0.3,3.5,0,4.3
2009 Apr,27868.1,4123.3,0.6,2.3,22.5,0,176.1,114.5,14.5,3.9,20.5,0.4,1.9,2.4,0.1,1.7,0,0,0,90,70.7,14,0.1,0.3,72.4,0,0.1,3144,0,1.9,341.4,27,18269.8,0.1,33.6,3.4,11.9,36.9,2746.9,0,358.8,976.8,1418,116.5,0.3,58.4,2093.5,0.3,0,0,1404.6,262.4,0,0.1,1.1,3259.9,0,0,20.3,0.3,50.9,6.5,568.8,472.5,1049.5,10.3,0,1378.8,982.7,35.2,608.4,300.3,1.5,0.3,4893.6,74.6,1.2,121.9,45,0.3,0.6,12.2,131.1,12.6,68.4,1144,880.9,8.1,34.2,87.4,290.3,93.4,0.7,3.3,28.5,418.3,193.7,24.1,5.6,4.2,179.8,4.8,1.9,65,0,121.1,392.3,8.5,433.8,1.8,514.9,0,451.8,0.2,0,1.4,0,0,54.3,0,6.8,0,0,0.2,0.1,66.5,1.4,0.1,0,0.5,0,0.1,0,0.5,0,1.5,1.2,0.1,2.7,0.1,1.5,0,0,4.2,0.9,12.6,0.1,1.2,0.1,0.1,0.1,0,27.5,0,4.4,0.4,0.2,2.3,0.3,2.6
2009 Mar,27730.2,4114.8,0.4,5.3,38.4,0,117.3,109.7,10.1,7.8,41,0.3,2.7,0.6,0,1.3,0,0,0,65.4,0.2,0.2,0.5,7.5,42.8,0,0.1,3471.4,0,1.4,181.2,9.2,18236.3,0,19.8,4.5,13.1,116.1,3041.8,0,293.2,636.7,1675.7,189.9,0,61.2,1998.5,0.1,0,3.6,1470.8,443.2,0,0.1,4.1,3293.7,0.1,0.1,23.8,0.1,13.5,4.1,572.2,710.8,599,15.7,0,1184.8,857.5,15,612.1,360.6,0.3,0.5,4626.8,78.6,0.6,95.1,1.5,0.6,0.3,12.8,118.5,40.6,40.6,1009.8,944.8,7.7,33.1,142.2,353.3,4.4,12.3,1.3,55.3,224.1,187,15.3,7.7,29.9,202.4,2.3,1.7,69,0,143.5,207.1,33.2,521.9,28.5,649.6,0,588.9,0.4,0,0.2,0,0,48,0,11.1,0,0.4,0.1,0.4,102.6,0,0.1,0,0.5,0,0.7,0.2,2,0,3.6,0.7,0.2,4.3,0,15.6,0,0,10.3,0.4,21.1,0,0,0.1,0.1,0,0,27.2,12.3,0.2,1.9,0.6,0.2,0,0.3
2009 Feb,26488,4181.7,0.2,6,11.7,0,190.3,87.8,15.8,5.8,40.2,0.1,4.5,0.4,0.7,0.9,0,0,0,52,0,1,0.1,0.4,147,0,0,3506.1,0,0.5,109.7,0.2,17144,0,94.5,6.1,50.3,98.6,2357.7,0,233.3,664.1,1785.9,105.9,0,54.7,1902.7,0.1,0,0,1225.9,155,0,0.2,1.2,2711.5,0,0.1,8.8,0.4,246.8,5.8,894.3,698.2,1321.4,7,0,964.7,747.3,20.9,451.7,253.5,75,0.3,4614.2,53.7,0,150.1,0.7,0.4,0.3,20.9,46,26.4,38.6,1205.8,776.9,18.1,23,96.7,330.7,12.5,0.7,1.6,73,338.3,113.5,24.1,5.3,3.7,295.2,3.8,0.8,52.9,0,95.7,196.6,150.8,451.5,6.1,437,0,382.1,0.3,0.1,0.2,0,0,36.2,0.1,17.6,0,0.3,0,0.1,111.2,0,0.1,0,0.1,0,0.3,0,8.4,0,1.7,0.6,0,6.7,0,1.5,0,0,7.7,0.5,15.9,0,0.2,0.5,0.5,0,0,47.8,0,0.2,2,2.2,0,2.5,11.8
2009 Jan,25726.5,4362.4,0.4,15.2,36.4,0,99.6,93.7,21,1.2,30.2,0.4,0.4,0.7,0.1,0.5,0,0,0,74.3,36.7,0.8,0,2.5,61.5,0,0,3666.3,0,1.8,217.1,1.3,16335.8,0,84.1,6.9,7,20.7,2700.5,0,274.2,642.8,1627,59.4,0,53.8,1799.6,0,0.1,1.3,1225.5,754.6,0,0.2,1.1,2691.4,0.9,0,18.5,0.1,48.3,4,464.6,627.7,663,7.1,0,1143.9,709,33.8,416.3,246.6,0.6,1,4384.9,58.7,0.3,105.1,19.1,0.3,10.7,9.9,74.4,45.2,62.8,897.8,836.7,5.2,17.3,72.2,333.4,0.4,0.9,1.3,40.3,256.9,242.9,6,8.4,6.3,383,2.6,2.3,62.3,0,99.7,173.3,13.8,522.9,12.4,552.2,0,498,0.7,0,0.6,0,0,36.5,0,16,0,0,0.1,0.3,91.1,0,0.1,0,0.1,0,0.1,0.1,1.2,0,1.1,0,12.3,9,0,0.4,0,0,1.5,0.3,15.1,0.4,0,0,0,0,0,36.2,0.1,0.1,1.5,0.4,0,0.7,10.6
2008 Dec,29158.9,4585,0,17.4,11.2,0,105,109.8,15.5,0.7,41.4,1.4,2.3,0.7,0,0.4,0.4,0,0,68.8,0,0.5,0,0.7,79.3,0,0.8,3972.7,0,1.4,153.1,1.2,19514.2,0,19.5,8.3,7.3,18,3335.9,0,336.5,628.1,1789.3,55.8,0,74.7,2670.9,0.7,0.1,0,1425.6,162.8,0.1,0.1,1.8,3180.5,0.3,0,19.9,0.3,1.6,10,312.4,1137.1,975.8,9.3,0,1154.9,1248.6,61.9,644.9,218.3,2.2,0.6,4506.4,67.4,0,128,6.8,1.2,0.4,25.8,121.9,0.7,58.3,667.9,973.9,13.3,33,85.7,364.8,27.1,10.4,3.6,39.4,296.7,126.6,13.6,15.8,7.2,340,4.4,2.5,74.3,0,121.4,304.7,70.4,497.6,1.5,453.1,0,350.8,1.4,0,0.9,0,0,57.3,0,39,0,0,0,3.6,100.2,0,0.3,0,0.1,0,0.1,1.5,1.9,0.1,1.5,0.6,0.1,5.1,0,1.2,0,0,1.7,0.9,17.1,0.3,3.3,0.1,0.1,0,0,56.8,0,0.4,3.2,0.6,0,0,3.2
2008 Nov,32855.6,4657.5,0,13.1,15.4,0,136.6,101.8,23,33.8,44.4,0.3,4.2,0.4,1.3,0.3,0,0,0,59.4,0,0.1,0,0.7,55.4,0,0,3864.9,0,1.5,274.7,26.1,21649.8,0,13.1,4.7,36.8,20,3471.2,0.1,362.3,741.6,2019.5,89.3,0,77.2,2592.4,6.2,0.2,1.4,1553.7,561.1,0.1,0.4,1.2,3647.5,0.1,0,11,0.2,50.5,5.2,483,898.2,1331.8,9.8,0,1584.2,1105,36.5,740.2,192.5,0.6,0.9,5779.6,84.3,1.2,165.9,0.8,1,0.3,21.7,151.3,20.6,51.3,747.5,922,7.5,36.4,139.7,383.8,0.5,0.5,2.5,45.8,486.8,135.3,16.8,17,5.7,683.7,4.2,1.8,81.5,0,126.2,588.7,304.6,541.6,1.3,601.7,0,506.3,0.3,0.1,0.6,0,3.3,78.1,0.2,12.7,0,0.1,0,0.1,167.1,0,0.2,0.2,0.1,0,0.7,0,0.9,0,14.9,0.3,0,7.9,0,1.8,0,0,6.1,0.9,24.2,0,1.1,0,0,0,0,90,7.9,0.4,6.5,0.3,0.7,0.4,1.6
2008 Oct,38957.7,5995.1,0,7.2,0,0,154,135.2,14,87.4,33,0.4,12.1,1.2,1.7,1.4,0.4,2,0.9,68.4,0.1,0.8,0.2,0.6,69.5,0,0.3,4896.2,0,2.2,467.9,37.9,26393.9,0,20.6,4.6,9.7,15.2,4241.2,0,454.7,1074.8,1957.9,297.7,36.7,94.6,3300.6,0.3,0,2.1,1977.7,736.5,0.2,0.2,3.1,4086.4,0.1,0.1,14.4,0.2,0.8,3.6,599.1,912.9,1677.9,9.5,0,2030.1,1465,92,881.8,388.3,1.5,1.9,5746.8,101.1,2,96,41.9,2,0.5,23,266.7,1.4,83.5,833.4,1094.7,7.4,34.6,120.8,395,49.4,182.3,2.7,49.8,266.2,105.5,109.3,7.2,3.1,538.6,5.2,1.5,77.7,0,142.4,390.4,86.1,623.1,2.1,671.3,0,603.8,0.4,0,0.7,0,0,55.5,0,9.3,0,0.7,0.1,0.7,150.5,0.2,0.2,0.1,0.3,0,0.9,1.4,0.9,0,1.3,1.2,7,0.4,0,1.1,0,0,0.4,1.3,28.3,0.2,2,0.1,0.6,0.1,0,95.2,0,0.8,0.4,1.3,0,1,3.6
2008 Sep,41584.5,5589.1,0,10.7,0.3,0,101.9,131.3,17.6,30.3,38.4,0.3,5.5,1.5,1.5,2,1,0.1,0.1,118.6,0.7,1.6,0.2,4,21.3,0,0.1,4700.9,0,2,394.8,2.1,29379.1,0,77.7,7.4,12.7,13.9,4714,0,525.6,844.2,2796.9,348.3,0,96.5,3182.1,0.3,0,1.8,2263.3,774.6,0,0.2,1.6,4980,0,0.1,9.2,0.6,83.6,6.2,553.7,1158.3,1828.5,10.3,0,2085.5,1579.6,121.6,939.4,357.9,1.3,2.3,5732.3,119.5,2.6,122.9,1.9,1.1,27.9,17.7,74.6,0.5,41.6,1255.6,1225.4,8.9,37.8,148.5,347.1,0.4,1.5,1.9,62.8,405.7,130.7,12.2,11.9,6.6,364.6,5.1,1.6,66.6,0,130.7,396.2,100.4,597.8,2,751.9,0,675.2,1.2,0,0.5,0,0.1,54.1,0.3,18.7,0,1.5,0,0.3,132.2,0.4,0.6,0.4,0,0.2,0.1,0,1.2,0,2,0.5,0.2,1.1,0,7.2,0,0,1.2,2.2,29.3,0.5,1.3,2.1,1.2,0.1,0.8,70.5,0.1,0,1.5,1.8,0,0.6,5
2008 Aug,38926,5483.1,0,11.1,202.6,0,106,118.4,19.6,2.4,29.2,0.2,7.7,1.6,1.4,1.1,0.5,0,0.2,105,147.2,0.9,0.2,0.4,8,0,0.1,4448.9,0,1.9,267.9,0.8,26991.5,0,49.8,6.5,12.9,16.2,4491.6,0,422.1,872.6,2100.1,214.8,0,63.9,3139.6,0.4,0,1.7,2212.9,757.8,0,0.2,1.6,4310.9,0.1,0,8.8,0.3,6.5,4.9,723.3,660.2,2227,10.7,0,2103.3,1293.4,87.5,1027.2,154.2,0.4,8.1,5634.4,121.2,1.6,131.1,108.5,0.9,18,15.2,122.9,130,59.2,833.5,1106.1,11.2,28.6,125.7,455.4,100.4,2.7,4.4,63.2,473.5,172.1,17,16.2,7,108.7,5.2,1.4,79.8,0,129.9,515.1,17.3,650,1.2,639.5,0,568.4,0.2,0,0.1,0,0.1,56.8,0.1,11.5,0,1.8,0,0.4,177.5,0,1.2,0.1,0.2,0,0.3,0,4.1,0.1,2,0.5,6.3,13.3,0.1,0.4,0,0,1.3,3.4,28.7,0.3,0.2,0.5,0.5,0.1,0,104,0.2,0.1,1.2,0.3,0.1,0.3,7.5
2008 Jul,43365.6,5484.8,0,6.9,43.3,0,208.4,119.4,30.8,2.6,25,0.4,2.4,3.9,1.4,0.5,0.1,0.8,0.4,65.1,0.1,0.5,0,0.8,10.6,0,0.2,4435.9,0,3,521.4,1.1,31290.3,0,47.5,61.5,12.2,29.5,4457.5,0,414.8,1525.3,2530.1,171.9,68.3,117.3,3686.4,0.6,0,3.1,2613.8,1062.8,0.1,0.1,2.3,5329.8,0.1,0.1,11.2,0.2,162.3,3.9,713.1,1046.6,1381.4,7.2,0,2548.2,1703,35.7,1116.7,420,2.3,3.9,5627.3,123,1.2,129.1,55.2,0.9,28.2,15.8,62.7,0.4,62,798.1,1144.1,16.6,32.9,113.9,436.3,0.5,0.7,3.9,57.8,689.9,246,24.9,36.9,6,232.7,5,1.4,83.4,0,157.7,363.2,116,579.2,2,763.3,0,640.8,0.7,0.1,0.2,0,0,99.7,0.2,19.3,0,1.3,0.9,0.1,200,1.7,0.8,0,0.3,0.2,0,0.1,6.4,0,1.8,0.8,54.4,7.2,0.2,24.3,0.1,0,6.1,1.4,28.1,0.2,0.2,0.6,0.4,0.2,0,54.5,0.9,0.2,1.2,0.8,0,2.1,4.8
2008 Jun,40693.3,5674.7,0,9,55.1,0,112.3,197.2,28,23.1,39.1,0.5,5.7,0.9,1.3,0.1,0.2,0,0.5,81.3,53.5,21.5,0.1,0.7,14.1,0,0.3,4448.1,0,3.9,577.7,0.6,27963.8,0,22.4,5.8,63.7,19.7,4027.3,0,456.3,1215.4,2387.4,216.9,0,70.7,3352.4,0.6,0,2.9,2401.7,842.9,0.2,0.4,2.6,4951.3,0,0.1,12,0.4,63.3,4.7,583,445.3,2306.3,7.8,0,1980.1,1516.8,279.5,383.5,337.6,0.5,2.3,6048.3,115.1,0.9,133.3,81.4,1.4,79.1,17.9,87.2,40.4,46.7,1216.6,1192.8,41.1,26.2,118.1,399.6,0.2,2.1,4.2,57.1,600,209.3,10.9,45,6.7,170.7,6,2.7,83.1,0,149.4,435,95.9,571.2,1.1,810.9,0,602,0.1,0.1,0.4,0,0.1,158.6,0.2,12.3,0,1.7,0,35.4,195.6,0,0.5,0.2,0.9,0,0,0.4,1.7,0,1.8,2.4,0.1,14.9,0.7,3,0.4,0,3.1,1.6,29.4,0.2,0.1,1.9,0,1.1,0,89,0.2,0.2,0.7,0.6,0,0,40.3
2008 May,38619.6,5361.7,0,4.5,72.5,0,226.1,121.4,23.5,85.4,22.7,0.4,4.1,0.4,1.9,0,0,0.1,0.6,62,62.3,0.5,0.1,0.2,36.2,0,0.3,4407.5,0,2.4,225.8,0.9,26682.5,0,10.8,3.2,11.8,6.6,3669.1,0,459.7,1178.8,1915.3,320.1,279.1,116.8,3049.7,0.2,0,2.8,2163.6,785.9,0,0.2,2.2,4482.7,0.3,0.1,4,0.5,49,9.4,536,976.5,2258.5,8.3,0,1992,1340,20.5,866.3,160.2,1.6,1,5651.5,123.4,1.5,193.4,0.5,1.2,0.8,17.6,383.4,0.5,49.9,630.1,1111.4,8.3,21,111.4,412.5,1.2,52,1.8,51.2,540.8,158.8,13.7,54.5,9.4,184.1,6.2,3.3,82.6,0,160.8,620.9,145.1,496.5,1.7,793.6,0,673.9,0.9,0,0.2,0,0,106,0.2,11.6,0,0.6,0.2,0,130.3,0,0.7,0,0.6,0.3,0.2,0.6,0.5,0.1,1.5,0.4,0.3,16.5,1.1,5.6,0.2,0.2,6.1,0.8,31.4,0,0.4,0.6,0.2,0.2,0,53.7,0,0.4,0.5,0.2,0,0.7,6.2
2008 Apr,40555.6,5725.3,0,13.2,181.3,0,206.2,154.4,29.4,6.7,15.5,0.7,4.3,0.3,1.6,3.9,0,0,0.4,179.6,79.2,0.5,0.1,1.1,119.3,0,0.1,4452.3,0,5,208.2,62,27528.7,0,12.4,5.7,67.8,4.8,3781.5,0,430.7,1022,2117.1,136.4,265.3,79.7,3301.3,0.2,0.7,4.8,2688.6,960.5,0,0.2,1.5,5034.7,1,0,11.1,0.1,180.3,7.5,588.8,695.6,1673.3,9.9,0,1903.5,1215.4,194.9,787.1,341.5,1.7,1,6380,127.9,0.2,375.7,1.3,1.4,0.5,16.5,307.3,0.3,68.2,1216,1151.1,103.8,31.2,115.6,486.9,0.2,45.7,5.8,38.5,631.5,143.2,15.8,57.6,7.3,143.8,4.5,2.7,88.4,0,170.5,414.1,53,550.5,2.7,770.3,0,652.3,0.5,0.2,1,0,0,105.6,0.2,6.9,0,0,0.1,3.5,151.2,0,0.4,0,0.5,0,0.2,0.1,1.8,0.1,35,1.6,0.2,8.8,0,0.7,0,0,6.3,1.1,27.1,0.4,0.6,0.6,0.2,0,0.1,59.8,0.4,0.4,0.6,0.3,0,0.5,3
2008 Mar,38648.1,5562.2,0,4.2,44,0,277.9,103.4,3,1,46.8,0.3,1.7,2.3,1.5,2,0,0,0.3,54.9,36.4,0.8,0,0.9,62.8,0,0.1,4824.5,0,2.8,89.6,1,26276,0,44.1,15.1,6.8,9.5,3855.2,0,440.2,949.5,1982.4,159.8,0,75.6,3463.7,0.1,0.2,2.2,2161.4,823,0.1,0,2,4729.4,0.1,0,8.7,1,1.3,5.8,578.9,928,1497.2,10.7,0,1960.2,1295.8,181.9,672.2,412,0.8,1,6028.6,142.8,1.3,651.7,0.8,1.2,5.4,16,103.4,0.3,42.7,1122.7,1165.7,7.3,28.8,90.7,420.5,0.3,0.8,3.2,133.2,544.9,139.8,15.1,73.9,9.5,17.8,5.9,2,84.9,0,159.6,306.5,109.4,618,2.4,575.1,0,457.1,1.4,0.1,1.8,0,0,106.9,0,7.6,0,0.1,0,0.1,206.2,0,0.3,0.4,0.1,0.8,0.1,0.1,0.6,0,1.9,0.9,5.6,12.4,0,1.1,0,0.2,2.7,0.7,40.5,0,0.3,1.1,0,0,0,128.3,0,0.4,2.8,0.7,0,2.2,1.7
2008 Feb,33414,4929.1,0,3,0.3,0,77.3,132.8,17.5,1.4,34.7,0.4,4,1.1,2,1.5,0.1,0,0.1,54.5,0.2,0.4,0,1.1,61.7,0,0.1,4420.3,0,1.4,113.2,0.2,23240.2,0,12.6,6.6,8.3,3.5,3526.9,0,325.3,774.9,1716.7,61,386.8,64.2,2850.7,1.9,0.1,2.1,1588.5,1000.2,0.1,0.1,2,4178,0.1,0.1,6.1,0.7,84.7,3.4,615.7,980.6,1349.5,9.5,0,1805.1,1026.9,224.3,460.4,160.4,1,0.9,4599.9,115.1,0.8,117.4,42.9,1.2,0.6,16.5,83.9,1,69.3,706.3,904.7,3.2,17.9,134.4,415.8,0.1,56.7,2.2,62.9,475.7,156.9,15.2,59.8,7.7,12.6,6.4,1.1,117.5,0,132.6,272,80.1,507.5,2.1,479.9,0,362.4,1.1,0,0.1,0,0.2,107.7,0.1,7.5,0,0.3,0.1,0.3,165,0,0.5,0,0.4,0,0.3,0,0,0.1,42.8,0.1,0,6.6,0,6.1,0.1,0,5.9,0.6,31.5,0,0.3,0.2,0,0,0,56,0,0.5,2.5,0.5,0,1,8.9
2008 Jan,38681.5,4800.5,0,4.7,137.5,0,160,170.1,18.4,2.9,30.5,0.4,2,1.4,1.5,3,0,0,0.2,74.4,25.6,0,0,1.2,44.5,0,0.2,4011.4,0,6.2,102.9,1.8,27400.2,0,10.3,8.3,23.6,7.5,4083.1,0.1,520.8,1147.3,2172.6,174.2,168.2,74.1,2657.3,1.4,0,1.5,2519.8,754,0.3,0.1,2.6,4927.4,0.1,0,8.6,0.2,5.5,5.7,642.8,1009.1,2184.9,11.1,0,2047.9,1275.2,65.7,600.6,285.5,2.7,0.4,5601.7,138.7,1.9,108.3,21.8,1.1,88,25.7,88.3,0.5,74.3,1090.3,1038.7,7.6,25.8,128.4,355.1,0.3,0.8,3.5,61.3,407.4,156.1,23.8,62.3,8.6,363.8,4.3,1.5,139.3,0,123.7,315.7,78.4,654.3,1.8,751.6,0,637.5,0.1,0.1,0.4,0,0,107.2,0,4.7,0,0,0,1.5,127.5,0,0.2,0,1.5,0,1.1,0.1,0.2,0,1.8,0.1,3.6,8.5,0,4.8,0.1,0,2.8,0.7,33.5,0.4,0,0.7,0.5,0,0,53.9,0.2,1.2,3.3,0.7,0,0.1,7.4
2007 Dec,34935.7,4664.4,0,3.6,132.6,0,88,169.7,21.9,0.9,34.3,0.2,4.4,1.4,2.3,1.8,0,0,0.1,68.9,0.1,0.2,0.1,1.1,8.1,0,0,3968.2,0,2.9,153.1,0.4,24856,0.8,6.8,8.4,10.4,3.1,4023.8,0,540.1,899.7,1758.2,292.3,254.7,65.5,2810.3,17,0.2,1.9,1813.7,917.6,0.8,0.5,2.8,4438,0.1,0,10.5,0.3,149.4,6.2,762.5,652.2,1613.4,8.2,0.1,2107.2,1068.7,48.6,296.6,243.7,20.5,1.4,4821.2,135.2,1.5,116.4,0.8,0.7,1.1,20.1,63.6,0.2,42.6,751,1084.2,5.7,19.3,104.1,439.8,0.3,2.4,1.8,69,396.4,214.2,10.8,58.1,8,76.7,5.5,1.6,68.6,0,140.6,304,108.6,567.6,0.7,461.9,0,355.6,1,0,0.3,0,0.1,99.1,0,4.2,0,0.8,0.2,0.6,132.2,0,0,0,0,0,1.3,0.1,0.1,0.1,3.9,0.5,36.9,3.9,0.1,2.6,0.4,0.1,2.5,1.3,37.3,0.1,0.2,0,0.2,0,0,31.8,0.1,2.4,0.9,0.4,0,0.7,4.2
2007 Nov,36054,4818,0.4,4.1,224.1,0,74.7,177.3,22.9,2.9,30.7,0.6,2.2,0.3,1.9,0.9,0,0.1,0.1,69.1,0.1,1,0.1,0.5,60.8,0,0.1,3911.9,0.2,2.8,227.9,0.4,25264.5,0.6,39.8,11.8,8.5,5.5,4575.4,0.1,523.5,836.5,1991.3,109.4,27.5,69.1,2763.1,1.7,0,0.1,2188.9,1060.6,0.2,0.1,2.9,4477.7,0.2,0,7.4,0,5.6,5.4,641.2,602.7,1016.1,11.7,0,2058.4,1110.9,23.8,797.1,247.3,41.4,1.1,5249.4,277.3,1,110,54.2,1.7,1.8,15.8,47,0.2,74.1,701.5,1084,7.4,26.3,114.8,427.6,0.2,1,4.7,77.5,372.7,164.9,15.6,59.6,4.7,203.2,5.1,1.6,77.5,0,165.2,344.8,78.2,727.6,0.6,530.8,0,452.1,0.7,0,0.8,0,0.1,70.6,0,4.7,0,0.4,0.3,1,191.3,0.1,3.2,0.1,0.2,0.1,0.6,0,0.4,0,1.9,0,3.5,5,0.2,1.3,0.4,0,1.8,0.8,32.5,0.5,1.6,0.5,0.2,0.4,0,94.7,34.2,1.1,0.4,0.3,0,1,4.4
2007 Oct,37110.2,5116.9,0,3.8,98.1,0,130.1,155.5,35.6,3.2,29.5,0.6,3,1.6,2,0.4,0,0,0.7,70.3,0.1,1,0,0.7,14.2,0,0,4549.4,0,2.3,13.9,0.9,25697.5,2.7,32.6,11.8,15.3,13.9,3939.3,0,474.2,1036.8,2233.4,209.9,479.3,75,3048.4,0.1,0,3.6,1784.2,441.7,0,0.1,2.5,4665.1,0,0,8.2,0.1,4.7,5.8,726.2,767.9,1342.3,12.1,0,2180.3,1081,22.9,734.2,338.8,0.9,2.2,5597,150.7,4,103.3,53.6,1.7,0.9,14.7,44.8,0.2,72.4,1243.6,1076.8,10.8,26.9,125.5,460.9,0.3,56.2,4.9,73.5,411.7,148.5,15.1,43,6.3,127,5.3,1.4,68.6,0,163.6,342.6,93.1,643.9,1.4,569.6,0,510.9,0.2,0.1,1.4,0,0,50.3,0,5.8,0,0,0.4,0.4,129.1,0,0,0.2,0.4,0,0.1,0,0.3,0,1.5,0.1,0.1,2.8,0,0.7,1.4,0,1.6,0.8,33.7,0.4,0.2,1.1,0.3,0.4,0,70.3,0.6,0.4,0.8,0.3,0,7.8,2.6
2007 Sep,32811.2,4379.3,0,6.1,20.1,0,89.7,109.8,13.8,2.1,32.5,0.3,3.2,0.4,3,2.1,0.1,0,0,66.5,22.3,0.3,0,0.3,9.7,0,0,3994.2,0,2,0,0.6,23693.4,2.8,2.7,10.2,80.5,14.4,3825.8,0,495.9,782.9,2054.1,96.3,11.6,60.5,2841.1,0.1,0,7.4,1526.2,837.6,0.2,0.6,2.2,4792,0.3,0,5.8,0.2,2.4,4.7,729.6,468.6,1018.1,9,0,1993.9,1028.5,8.2,672.2,303.7,1.5,1.5,4255.6,138.3,0.8,108.9,54.1,0.7,1,12.5,44.1,0.3,62.6,660.9,1007.9,3.8,24.4,92.3,283.6,0.5,1.1,3.8,83,310,103.2,14.3,33.6,3.4,139.1,3.7,1.5,63.5,0,124,294.9,84.5,494.3,0.8,374.5,0,322.8,4.2,0,0.6,0,0.1,38.4,0,7.2,0,0,0.8,0.4,108.4,0,0.2,0.2,0.2,0.1,0.1,0,0.1,0,2.2,0.2,0.1,12.8,0,0.8,0.5,0,1.4,2.8,44.4,1.6,0.1,0.5,0.1,0.4,0,28.9,0,1.4,0.7,0.4,0,6.2,2
2007 Aug,33723.7,4340,0,8,23,0,89.5,130.3,36.9,1,23.7,1.5,1.1,0.7,2,1.1,0,0,1.3,57.4,80.3,1.9,0,0.7,24.3,0,0,3836.1,0,2,0.1,17.1,23975.4,1.7,35.2,9.1,9.1,6.5,4203.1,0.2,519.8,598.6,2005.6,284.4,318.3,64.6,2820.3,0.2,0,0,1437.8,439.8,0.2,0,2.3,4641.5,0.2,0,6.5,0.1,1.2,7.4,658.4,419.1,962.4,16.1,0,2069.3,1199.1,107.7,839.2,274.2,0.8,15.3,4730.5,120.9,0.6,106.6,97.8,2.6,19.7,23.9,47.6,0.7,71.1,793.9,1149.4,6.4,22.7,73.5,371.4,0.2,1.4,2.4,74.6,225.2,116.3,17.1,48,3.9,68.2,4.6,2.5,76.8,0,120.4,277.1,129.8,652,1.3,539,0,470,0.2,0.2,0.2,0,0,60.8,0,6.2,0,0,0.5,0.7,138.7,0,0.2,0,0.4,0,0.1,0,0.6,0,1.9,0.5,0.2,13.7,0.1,1.6,0.2,0,0.8,2.2,41,0.1,0.5,0.5,0.1,0.2,0,62.6,0.1,0.3,0.6,0.5,2,0.4,7.4
2007 Jul,34151.5,4627.6,0,12,6.3,0,89.4,142.5,11.9,4.1,28.3,0.7,2.7,0.8,1.2,1.2,0,0,1,72.5,136.1,0.2,0,4.4,12.5,0,0,4038.8,0.1,0.9,0,59.9,24127.7,0.2,42.5,13.2,13.1,11.4,4212.3,0,485.5,714.2,2130,204.7,75.9,76.1,2794.1,3.7,0,3.4,1816.2,426.6,0,0.1,2.1,4395.7,0.3,0.1,6.8,0.2,1.4,5.7,825.6,374.4,1262.5,9.7,0,2123.3,1127.6,15.6,712,230,1.8,9.8,4761.7,108,0.7,103,1.3,1.6,35.8,12.8,56.8,1.3,33.8,761.4,1061.2,7.8,25.2,140.8,433.8,0.1,1.5,2.7,69.4,401.8,125.8,11.8,35.5,14.2,89.1,4.8,2.3,81,0,144.6,337.7,67.3,585.3,1.7,500.9,0,437.2,0.7,0,0.5,0,0,55.2,0,6.2,0,0.1,0.4,0.5,133.6,0,0.1,0,0.9,0,0.2,0.4,0.8,0,1.8,0.9,0.1,14.7,0.3,0.7,0,0,2,1.5,39,0.1,1.9,0.7,0.6,0.3,0,62.1,0.1,0.1,0.4,0.3,0,0.4,3.1
2007 Jun,34076.1,4883.5,0,4,4.8,0,155.1,113.5,16.4,2.1,31.1,0.3,1.8,0.1,1.9,0.6,0,0.1,0.6,61.9,0.1,1.2,0.1,0.8,130.2,0,0,4280.4,0,3.3,72.5,0.7,23352.4,0,79.7,11.6,16.1,12.8,4272.7,0,505.7,767.6,1997.8,140.3,91.4,64.3,2784.9,1.6,0,3.2,1658.8,524.6,0.4,0.1,1.8,4281.4,0.3,0.1,6.7,0.1,53.6,6.6,709.5,650.4,661.4,7.8,0,1942.9,1155.1,121.1,476.4,302.4,1.3,39.9,5082.3,111.7,0.1,105.3,44.8,1.4,86.7,10.3,60.6,0.3,49.4,1175.1,1026.3,17.8,42.8,70.3,386.8,37.4,1.4,2.5,67.2,374.8,126.8,13.2,45.4,2.9,52.8,3.8,2.7,83.8,0,143.1,295.1,46.3,589.3,4.4,489.9,0,426.4,0.5,0.1,0,0,0,57,0,4.9,0.1,0.1,0.2,0.5,268,0,0,0,0.2,0,0,23,1.4,0.2,3.3,1,52.3,11,0.2,0.5,0,35.1,4.5,1.9,46.5,0.2,0.7,1.6,0.7,0.2,0,50.4,0,0.4,0.5,0.2,1.2,1.4,29.6
2007 May,32340.9,4602.7,0,3.5,0.1,0,124.8,121.5,16.5,19,30.7,0.4,2,0.4,1.4,0.5,0,0,0.8,59.5,42.1,0.6,0,0.7,71.2,0,0,4075.9,0,0.8,0.2,29.9,22424,0.2,51.1,7.5,14.6,9.1,3905.1,0,485.9,683.9,1848,99.6,25.8,58.4,2688.7,15.5,0,1.6,1373.6,550.5,0,0,2.7,4051.3,0.2,0,8.4,0.1,0.4,5,743.3,463.2,1365.5,8,0,1960.9,1074.9,16.7,572.5,323.6,2.7,5.7,4663.9,103.8,0.3,131.3,1.1,1,61.3,12.6,101,53.5,42.1,633.5,1100.6,29.7,22.8,85.8,360.9,16.2,0.6,5.2,58.1,330.2,131.3,12.8,42.1,7,87.4,3.7,1.9,69.3,0,141.7,286.9,48.2,679.2,0.9,509,0,442.5,0.4,0,0.1,0,0,62.2,0,3.1,0,0.3,0,0.5,141.2,0,0.1,0,0.3,0.1,0.1,0.2,0.6,0.1,38.1,0.3,0.1,3.5,0.3,0.4,0,0,2,1.4,42.4,0.2,0.1,0.8,0,0.2,0,43.7,0,0.3,0.3,0.3,0.5,1.4,3.2
2007 Apr,31945.2,4411.5,0,7,37.9,0,157.9,129.7,17.1,20.7,29.2,0.3,2.6,0.4,1.9,0.7,0,0,0.2,62.6,97.6,0.3,0.1,1.1,11.4,0,0.1,3830.1,0,1,0.2,1.3,22114.8,0.2,16.1,7.9,11.6,7,3754.7,0,437.4,587,1968.2,68.2,85.6,64.9,2708.3,3,0,1.6,1463.1,472,0,0,1.7,4184.8,1,0.1,6.8,0.3,45.4,18.2,740.3,650.1,992.4,8.1,0.2,1816.9,1029.4,55.9,675.7,226.4,0.3,4.2,4834.8,100.6,0,111.2,40.3,0.5,0.3,18.2,89.7,134.3,37.4,701.3,931.6,74.3,18.5,80.7,370.4,53.2,23.8,2.7,49.3,492.2,102.2,10.9,33.7,18.5,141.2,4.3,2.6,59.9,0,139.5,308.8,29.8,651.8,0.9,424.4,0,357.5,0.3,0,0.2,0,0,62.3,0,3.4,0.1,0.2,0,0.4,159.8,0,0.6,0,0.8,0,0.1,0,0.2,0.4,37,0.5,0.1,0.9,0.3,1.6,0,0.1,3.9,1.1,40.5,0.2,1.4,0.9,0.3,0,0,61.8,0,0.4,0.5,0.2,0,0.5,5.5
2007 Mar,32640.5,5232.8,0,4.8,9.3,0,111.1,131.8,20.3,4.2,32.8,0.3,1.9,1,3.8,2.1,0.1,0,0.1,56,8.8,0.4,0,5.5,31.5,0,0,4767.9,0,0.8,37.9,0.3,22153.7,0,3.2,6.1,9.6,6.1,3827.9,0,496.4,828.4,1775,77.8,0,81.1,2915.1,2.1,0,0.2,1441.8,638,0,0.2,2.9,4410.3,0.4,0,8.4,0.6,1.2,3.8,773.2,322.9,1031.6,7.9,0,1717.1,1043.2,71.5,372.1,253.1,20.3,4.2,4666,115.8,1,102.3,0.8,1.1,71.7,12.9,59.3,1.2,56.6,673.1,1013.5,11.3,24.7,120.6,490.9,30.8,0.9,1.8,58.1,328.9,98.6,12.7,49.6,7.3,39.6,5.6,1.8,140.4,0,169.3,287.8,51.3,623.8,0.8,446,0,388.3,0.5,0,1.8,0,0,49.7,0,5.5,0,0,0.1,0,142,0,0.1,0.1,0.2,0,1.3,0.1,1.9,0.1,3.2,0.6,32.5,1.9,0,3.1,0.4,0,4.7,1.5,41.2,0.1,0,0.3,0.2,0.1,0,44.8,0,0.2,0.3,0.2,0,1.7,1.2
2007 Feb,27851.5,4163.6,0,2,27.4,0.4,65.7,127.5,6.3,2.4,20.4,0.2,2.5,0.5,2.7,0.2,0,0,0,50.9,0.1,0.3,0.1,1.5,106.4,0,0.1,3744,0,1.7,0,0.4,19277,0.4,17.9,7,11.5,26.8,3611.3,0,393.9,464.4,1751.3,111.2,0,59.6,2270.2,18.9,0,0,1151.2,545.2,0,0.3,1.4,3471.5,0.2,0,7,0.1,41.5,4.2,691.3,441.5,764.6,4.8,0,1517,1012.9,53.2,590.7,231.9,0,2,3869.9,90.9,0.3,109.8,0.6,0.5,28.8,8.6,38.8,2.3,38.6,601.6,823.7,7.7,16.4,80.7,318.4,0.3,0.8,1.7,64.1,456.4,97.3,7.8,68.5,10.9,73.6,4.2,1,69.8,0,106.3,210.6,21.6,506.2,1.1,350.4,0,301.3,0.3,0,0.5,0,0,45.4,0,2.5,0,0.1,0,0.2,190.7,33.4,7.6,0,0.3,0,0.7,0.5,2.2,0.1,1.7,0,14.7,6.1,0.1,0.7,0,0,5.6,0.5,31.9,0.3,0.7,0.3,0.1,0.1,0,73.7,0.1,0.4,0.1,0.7,0,0.1,7.9
2007 Jan,30763.5,4170.7,0,6.5,0.2,0,127.8,102.9,11.6,1.1,23.3,0.5,2.4,1.4,1.9,0.6,0,0,0.3,61.3,60.5,0.2,0.1,1.5,75,0,0.1,3659.4,0,2.5,27.7,1.7,22255.5,0,52.5,22.9,11.2,11.7,3952.5,0,538.8,642.4,1822.4,329.5,87.4,76.4,2361.6,0.3,2.3,2.6,1702.5,780.4,0,0,2,4018.9,0.3,0,9.6,0.1,81.6,7.5,755,478.2,1210.9,5,0,1819,908.4,20.9,284.6,249.1,0.6,6.2,3820.9,113,0.1,90.4,0.7,0.4,0.5,11.5,38.2,1.5,50,603.8,882.7,3.8,19.9,80.8,363.9,0.5,0.8,1.8,40.8,321.2,83.5,9.9,26,5.3,26.5,4.2,1.6,55.3,0,118,276.7,56.6,530.4,0.8,430.7,0,370.2,0.6,0,0.8,0,0,53,0,4.6,0,0.6,0.6,0.2,85.8,0,0.4,0,0.3,0,0.1,0.3,1.7,0,3.6,0,2.3,4.1,0.2,0.7,0.1,0,3.7,0.7,30.7,0.4,1,0.7,0.1,0.4,0,27.9,0.3,0.2,0.7,0.6,0.2,0.6,3.6
2006 Dec,33117.1,6260.1,0,4.6,9.9,0,91.4,111.6,18.3,1.5,37.7,0.5,3.3,0.7,2.6,0.7,0,0.1,0.5,58.4,113.8,0.1,0,9.7,51.4,0,0,5710.5,0,3,29.3,0.6,21897.9,0.3,57.3,9.5,69.9,7.6,4664.1,0,564.6,499.2,1825.5,110.8,0,65.7,2681.5,0.3,0,3.2,1244.1,530.3,0,0,2.6,3903.9,0.5,0,7.6,0.1,0.8,5.8,692.6,438.2,869.8,6.1,0,1860.6,988.4,72.6,461.9,247,1,4.2,4133.7,116.4,3.8,101.3,32.7,1,0.3,10,40.8,1.8,45.8,737.4,939.4,3.1,24,93.6,396.7,0.1,1.5,1.3,61.3,324.9,97.9,9.1,17.2,11.6,36.8,3.5,2,92.9,0,140.7,240.1,2.1,541.9,0.7,618,0,558.1,0.5,0,1,0,0.1,55.1,0,3.1,0,0,0,0,207.4,0,14.9,0,0.2,0,0.7,0.1,0.7,0.1,5.4,0,87.7,6.8,0.2,1.3,0.1,0,4.3,0.6,42.7,0.1,0,1.2,0,0.3,0,35.5,0.2,0.2,0.2,0.8,0.9,1.7,0.5
2006 Nov,31957.3,5104.3,0,4.3,0.2,0,81,110.2,11.9,27.5,22.4,0.2,1.6,0.4,4.4,0.8,0,0,0.1,62.3,111.3,0.3,0.1,0.3,67.4,0,0,4550,0,1.2,14.1,32.1,22074.7,0.6,14,8,7.4,6.2,3870.6,0,565,533.6,2140.1,182.8,0,64,2671.6,0.2,1.3,3.9,1464.3,664.7,0.1,0.2,3.3,3998.1,0.2,0,9.2,0.1,0.8,5,775.3,352,939.3,6.1,0.1,1973,1077.9,10.7,470,254.1,0.5,0.5,4152.9,102.3,2,109.1,16.7,0.9,0.3,14.4,42.2,0.7,51.8,645,962.4,5.1,20.3,96.4,378.3,41.3,1.6,1.4,52.6,293.6,78.6,7.6,27.2,10.5,165.6,3.7,2,50.1,0,126.7,265.2,28.3,547.7,1.1,459.9,0,407.1,0.3,0,1,0.2,0,47.2,0,3.7,0,0,0.1,0.3,165.6,0,0.1,0.1,0.2,0,0.4,0.2,0.5,0,17.2,0,2.3,0.9,0.1,2.4,0,0,3.2,1,37.2,0,0.2,0.3,2.7,0.4,0,92.6,0.1,0.1,0.2,0.4,0.4,0.2,2.2
2006 Oct,31068.8,4533.3,0,3.7,6.2,0,82,125.6,12.6,1.5,37.6,0.4,2.7,0.7,3.4,0.9,0,0,0.3,66.4,0.1,0.4,0,1.2,98.8,0,0,4050.3,0,4.6,33.7,0.1,21440.3,0,17.1,11.2,15,9.3,3452.5,1.2,598.2,550.4,1756.8,238,78.1,64.4,2827.7,4,0.6,1.6,1696.1,337.8,0.1,0.3,1.4,3845.8,1,0,7.7,0.2,43.4,4.6,782.6,220.5,1054.9,5.9,0.5,1874.2,1212,63.5,516.9,141,1.9,1.6,4475.3,104.3,3.9,96.8,68.5,0.9,0.6,25.3,38.4,38.1,48.3,844.5,926.6,5.9,29.3,125.9,434.3,5,2,3,57.2,219.8,81.2,10.7,24.9,6.3,147.9,3.5,2.1,68.3,0,151.7,317.9,50.5,531,0.8,490,0,439,0.7,0.1,1.9,0,0,45.9,0,1.6,0,0.4,0.3,0.1,129.9,0.1,0.5,0,0.1,0,2.1,0,0.3,0,2.1,0,3.1,0.9,0.2,1.9,0,0,2.5,1.5,39.3,0,0.2,0.6,0.3,0,0,38.1,0,0.1,0.3,32.7,0,0.3,2.8
2006 Sep,32818.2,4380.4,0.1,2.8,0.1,0,89.9,121.4,23.6,23.8,32.1,1,2.4,0.4,2,0.2,0,0,0.1,67.7,0,0,0.2,7,103.5,0,0.5,3865.3,0,1.7,33.9,0.4,23585.1,1.7,20,11.3,74.4,6,3860.1,0,663.1,936.3,2119.7,326.2,0,81.4,2870.6,0.5,0,0.5,1298.5,441.2,0.1,0,2.6,4337.4,0.3,0.1,8.3,0.2,1.2,4.3,769.1,257.1,1261.3,6.7,0.1,2008.4,1235.8,10.2,656.6,309,1.1,3.6,4122.9,119.8,6,102.7,1.5,0.6,0.6,15.5,41.8,1.1,46.1,666.6,952,13.4,22.3,100.1,304.3,5,0.9,5.5,67.4,331,72.7,122.5,26.2,10,43.2,2.7,1.7,63.6,0,131.4,300.1,39.1,504.9,0.5,535.3,0,487.9,0.9,0,0.6,0.1,0.1,40.5,0,3,0,0.6,0.3,1.4,194.5,0.2,0,0.1,0.1,0,0.6,0.4,0.6,0.1,1.9,0,0,7.3,0.1,0.8,0,0,1.1,0.5,40,0,0.3,0.2,0.3,0.2,0,136.5,0.3,0.2,0.2,0.2,0.1,1,1.2
2006 Aug,34163.4,4259.6,0,3.8,11.2,0,64.4,117.8,23.6,1.9,23,0.4,2.9,0.6,1.4,0.2,0,0.1,0.1,65.6,49.3,0.1,0,1,47.9,0,0,3759.2,0,3.4,38.6,43.1,24903.8,1.4,17.3,21.6,17.5,8.1,3985.9,0,609.6,912.9,2024.9,333.3,109.3,54,2633.8,2.3,0,0,1451.6,837.2,0.1,0.1,2.2,4377.7,0.5,0,13.3,0.6,4.6,4.3,898.9,250.6,1873.3,7,0.5,2184.9,1463.2,34,533,220.8,12.4,1.1,4251,111.1,4.7,85,1.3,1.5,0.9,14.8,89.8,81.9,41.9,727,1018.1,7,27.7,111.2,387.6,0.6,3.6,4.4,63.8,414,69,12.8,33.3,3.8,7.3,2.2,1.7,69.7,0,111.1,223.6,24.1,493.7,0.7,609,0,563.9,0.6,0.1,0.1,0,0,36.7,0,6.6,0,0.6,0,0.3,140,0,0,0,0.1,0,0,0.1,0.8,0,18.9,0,2.7,16.5,0,0.9,0,0,1,2.8,36.5,0,3,0.2,0,0.2,0,51.8,0.1,0.1,0.2,0.3,0.6,1.1,2
2006 Jul,33155.2,4401.5,0,3.2,8.1,0,67.4,135.9,12,71.4,23.1,0.3,3.2,1,1.9,0,0,1.3,0,71.8,0,1,0.2,10.1,49,0,0,3922.3,0,1.9,16.1,0.2,23415.6,0.7,39.2,11.1,17.1,13.4,3517.9,0,558.4,781.5,2515.4,263.7,53.6,84,2686.6,0.3,0,0.2,1471.7,678.9,0,0.3,3.5,4132.4,0.2,0.1,10.9,0.7,25,4.8,761,289.4,1385,6.2,0.1,2015.2,1242.6,25.4,619.9,196.4,1.2,1.4,4530.7,105.2,4.4,99.8,16.7,1.2,0.4,13.9,47.4,0.8,51.4,775.7,961.9,17.6,23.2,124.8,387.8,2.1,1.7,2.5,61.6,345.5,73.5,12.4,23.3,17.7,143.8,3.2,1.2,74.4,0,116.9,269,89.5,659.3,0.8,627.1,0,574.2,0.5,0,0.1,0,0,43.6,0,7.1,0,0.7,0.5,0.4,180.3,0,0,0.1,0.1,0,0,0.1,0.2,0,10,0.3,28,7.5,0.1,1.1,0,0,1.8,0.9,36.2,0,0.8,0.7,0.1,0,0,88.7,0.2,0.1,0.1,0.3,0.3,0.6,2.1
2006 Jun,33778.4,4313,0,4.2,9.9,0,133.2,122.7,5,3.5,32.8,0.5,4.4,2.1,1.2,0.6,0.1,0.1,0.1,72.8,0.1,0.1,0.1,0.8,16.5,0,4.3,3860.6,0,1.6,35.2,0.5,24201.2,0.1,40.3,17.4,16.5,13.9,3558.1,0,550.4,644.5,2140.4,318.5,310.8,60.4,2830.3,0.6,0.3,0.1,1669.8,708.1,0,0.2,1.8,4268.5,0.3,0,9.5,0.5,1,18.1,738.2,336.2,937.1,9.1,0.1,2970.6,1024.3,36.7,755.5,189.9,0.7,22.4,4137.4,98.2,2.9,98.1,16.8,1,0.5,11.4,40.3,0.3,61.4,760.5,912.2,15.2,20.8,118.4,320.6,0.4,1.9,4.8,57.3,273.1,89.7,14.7,21.1,9.4,166.7,4.2,1,64.8,0,131.4,243,18.5,555.7,0.9,916.9,0,856.9,0.6,1.3,0.1,0,0,51.8,0,5,0,0.9,0,0.2,209.8,0,16.1,0.1,0,0,0,0,1.6,0,36.8,0,3.2,0.6,0,1.9,0,0,2.5,0.9,36.3,0,0.6,0.4,0.4,0,0,77.4,25.9,0.1,0.2,0.3,0.7,1.7,2.3
2006 May,32627.8,4209.1,0,27.5,46.7,0,82.5,119.9,19.1,36.3,22.3,0.3,2.8,4.2,1.7,0.3,0,0,0.2,74.8,0,0.7,0.1,11.9,9.1,0,0,3694.7,0,2.1,51.2,0.5,23544.4,1.1,58.4,17.5,13.5,13.1,3432.1,0,572.8,636.4,2143.5,247.4,102.2,62.2,2490.6,0.2,0,1.3,1450.1,591.1,0,0,2.7,4269.1,0.4,0,8.8,0.4,1.3,6.6,837.7,526.2,1964.2,6.5,0,2148.8,1097.5,24.5,663.6,129.8,1.1,21.5,4245.7,94.2,1.5,92.6,17.3,0.5,0.5,10.5,36.7,0.4,46.6,814.1,806.7,12.6,17.1,188.4,302.7,0.1,0.4,1.1,55.2,260.5,62.8,9.6,29.5,12.4,180,4,1.1,76.2,0,117,215.6,67.3,710,0.5,484.9,0,442.1,0.5,0.2,0.1,0,0,39.4,0,1.6,0,0.8,0.1,0.1,143.8,0,0.1,0,0.1,0,0.2,0,0.5,0,24.6,0,0,0.2,0,2.5,0,0,3.1,0.8,36.9,1.1,0.5,1.4,0.1,0,0,50.5,0,0.9,0.3,0.2,0.9,1.2,17.6
2006 Apr,29327,3980.9,0,5.3,0.2,0,61.7,136,14.1,24.1,14.8,0.4,1.8,0,1.9,0.4,0,0,0.1,75.4,36.7,0.4,0.1,0.3,77.9,0,0.3,3484.8,0,1.6,42.3,0.1,20782.2,0.7,35.1,25.4,10.3,10,3461.6,0.5,499.9,486.6,1944.6,205.1,95.8,67.9,2550.4,0.5,0.2,0.4,1277.4,580.2,0,0.2,4,4007.1,0.4,0,7.4,0.1,128.1,6,696.7,162.5,682.2,6.9,0.1,1927.5,1043.6,31.2,634.6,184,0.1,6.8,3918.8,91.9,3.3,99,50.6,0.7,0.3,11.5,43.3,0.6,58.9,665.5,815.1,3.7,27.3,102.1,318.7,0.1,1.6,2.2,53.7,253.4,87.3,7.4,28,7,85.7,3.7,1.2,60.3,0,114,237.1,86.3,596.2,0.9,422.6,0,364.7,0.8,0.2,0,0,0.1,53.9,0,2.4,0,0.3,0,0.2,222.5,0,0,0,0.1,0,0.1,0,0.6,0,1.5,0,60.7,0.6,0,1.1,0,0,4.2,0.3,40.6,0.1,0,0.7,0.1,0,0,102.4,0.1,1,0.6,0.2,2.7,3.7,1.1
2006 Mar,31515.8,4154,0,2,0.1,0,143.4,146.3,14.1,2.4,30.5,0.7,2.9,0.5,1.9,0.2,0.5,0,0.1,84.9,0.1,0,0.1,1.5,47.7,0,0,3650.5,0,2.2,21.2,0.3,22493,0.4,43.2,14.1,18,8.4,3600.5,0,563,553.8,1770.4,123.1,0,78.3,2800.9,0.7,0,0.3,1393.9,486.4,0.1,0.1,3,4525.9,0.6,0,10.2,1.1,1.3,4.4,720.8,372,1242.3,9.8,0.1,1861.9,1349.7,9.3,673.5,246.1,0.9,4.3,4276.9,92.2,6.5,107.8,31.5,0.6,0.6,14.4,81.1,141.6,43.2,748.5,968.7,4.2,31.2,119.9,334.6,62.1,2.1,1.9,77,236.2,41.8,8.1,33.5,8.7,8.3,3.2,1.2,64,0,114.3,256.2,26.3,604.4,1.1,457.8,0,401.2,0.2,0.3,0.5,0.2,0.1,53.7,0,1.5,0,0,0,0.1,134.2,0,0,0,0.1,0,0,0.1,0.2,0,4.6,0,9.8,0.8,0,0.9,0,0,7,0.5,49.4,0,0.7,0.2,0,0,0,52.1,0,0.4,1.8,0.4,0.1,3.4,1.7
2006 Feb,29937.6,4364.3,0,3.9,0.2,0,115.5,104,81.7,2.8,36.8,0.3,3.2,4.4,1.7,0.2,0,0,0,66.6,0.5,0.5,0.1,1,14.5,0,0,3842.8,0,3.3,80.4,0.1,21273.8,0.2,81.5,9.6,13.9,33.2,2848.3,0,387.3,843.4,1891.2,353.8,221.7,72.6,2589.3,0.4,0,0,1316.9,689.5,0.2,0,1.5,3823.8,0.2,0,9.2,0.2,105.1,4.6,695.7,308.2,1416.7,6.8,0,1686.6,1180.2,38,376.2,262.2,2.1,3.4,3591.6,84.9,3.4,88,17.3,1,0.1,8.2,34.3,0.4,31.9,607.5,778.1,55.1,19,95.2,281.5,35.1,0.7,2.7,52.8,155.7,43,8,34.2,4.2,92.1,3.8,1.1,57,0,112.3,219.8,66.1,596.4,0.6,612.9,0,556.3,0.7,0,0.1,0,0,53,0,2.1,0,0.2,0.4,0.1,95,0,0,0,0,0,0.1,0,0.3,0.3,3.7,0,2,0.7,0,1.4,0,0,2.4,1.3,39.7,0,0,0.1,0,0.1,0,27.7,0,0.4,1.5,0.5,0,9.9,2.9
2006 Jan,27375.9,3499.5,0,3.9,0.2,0,125.3,102.3,17.8,4.3,27.1,0.2,1.8,0.5,1.1,1.2,0,0.1,0.1,58.7,10.3,0.3,0.1,1,6.7,0,0,3082.7,0,2.1,51.6,0.1,19858.7,0.2,141.7,23.6,74.9,49.1,3168.3,0,512.5,380.2,1739.6,71.6,171.8,72.7,2153.5,0.1,0,0.2,1232.7,617.4,0.3,0.1,1.4,4003.6,0.4,0,8.3,0.3,49.8,4.4,597.8,353.2,1141.2,7.1,0,1695.1,1009.4,7.6,325.5,241.2,0.4,1.4,3559.3,81.7,3.6,90.5,0.5,1.1,0.4,7.4,74,0.1,41.8,531.3,755.8,9.9,18.5,72.1,312.7,27.7,0.7,0.8,52.7,158,58.9,6.4,26.4,4.2,86.9,3.3,0.7,50.4,0,97.5,268.4,134.8,579.7,0.4,373,0,328.1,0.7,0,0.2,0,0,37.7,0.2,4.9,0,0.7,0.3,0.3,85.4,0,0.3,0,0.1,0,0.1,0.2,0.1,0,6.9,0.1,2.4,5.6,0,1,0.1,0,0.6,1.2,36.7,0.1,0.1,0.2,0.1,0,0,19.1,0,0.3,0.3,0.2,4.2,4.7,0.7
2005 Dec,30768.7,3797.8,0,2,0.2,0,83.2,131.2,17.1,1.8,41,0.4,2.7,1.4,2.2,0.9,0,0,0.1,92.1,0.1,0,0.1,0.9,14,0,0,3397.5,0,2.8,5.4,0.5,21922.2,1.5,64.6,14.3,13,27.4,3719.3,0,583.1,463.4,1537.6,189,78,62.4,2761.8,0.1,0,0.3,1426.3,396.6,0.1,0.1,1,4269.2,0.3,0,46.2,0.1,1.1,4.3,680.7,199.6,1713.4,8.1,0.6,1941.8,1099.8,43.1,353.4,216.5,1.2,2.8,4305.6,112.1,3.6,113.2,48.1,1.6,0.7,15.2,34.7,97.6,62.5,603.8,965.4,4.5,29,92.1,307.1,43,1.3,1.9,62.1,313.9,43.6,7,34.7,10.4,183.8,3.7,1.3,45.4,0,116.8,300.7,46.3,598.1,0.5,585.2,0,518,0.2,0.1,4.5,0,0,42.8,0,18.7,0,0.4,0.3,0.3,157.8,0,0,0,0,0,0,0,0.3,0,65,0,2.4,0.7,0,2.1,0,0,0.5,0.9,43.4,0,0.2,0.1,0.3,0,0,28.8,0.1,0.9,1.7,0.3,3,1.1,5.9
2005 Nov,29184.8,3875.5,0,3.7,0.1,0,108.3,119.8,17,1.4,25.9,0.3,2.2,0.5,1.3,0.4,0.1,0,0.2,65.4,20.1,0,0.1,0.6,19.7,0,0.3,3409.6,0,1.3,76.7,0.6,20785.4,0.8,70,20.7,9.1,31.5,3097.6,0,550.7,431.3,1396,130,89.4,68.7,2740.1,0.4,0,0.6,1472.8,509.7,0.2,0,0.8,3754.1,0.1,0,8.6,0.3,0.9,4.6,635.5,528.6,1291,7.2,0.3,1861.1,1121.7,9.7,649.1,291.2,0.2,0.6,3774.7,92.1,0.9,128.2,38.8,0.5,0.4,10.4,84.6,116,40.2,589.9,779.9,3.4,29.4,94.5,309.8,0.4,0.7,1.2,45.2,220.5,46.8,10.6,51,3.5,25,2.7,0.8,48.8,0,106.1,294.9,29,567.8,0.6,604.9,0,542.8,0.3,1,0.4,0,0,58,0,1.8,0,0.2,0.3,0.1,144.2,0,0,0,0,0,0.1,0.3,0.3,0,40.2,0.1,0,0,0,1.3,0,0,0.8,0.6,44.9,0,0.4,0.2,0.4,0,0,44.4,0,0.5,1.4,0.1,0.7,4.8,2.6
2005 Oct,32075.3,4519.8,0,2.7,0.1,0,97.9,110.2,9.2,1.8,26.5,0.2,1.4,0.3,1.3,0.2,0,0,0.1,57.9,0.2,0.2,0,0.8,24.2,0,0,4154.9,0.1,5,24.2,0.3,22398.4,0.4,24.7,29.2,14.9,27.9,3049.4,0,917.3,698.3,1567.1,221.4,0,60.2,2864.3,0.2,0,0.9,1380.9,688.2,0,0.1,1.2,4209.9,0.3,0,10.7,0.3,105.4,4.4,739.7,287.8,1654.2,9.9,0.2,1997,1118.3,13.4,343.3,352.8,1.2,2.8,4389.5,95,0.3,94.7,9.3,1.1,0.4,16.2,39.9,104.2,51.1,541.9,926.8,3.8,28.6,553.9,292.3,0.1,1,1.9,49.6,241.6,68.2,42.3,39,3.4,98.7,2.7,1.5,69,0,113.2,252.7,14,630.8,0.6,589.3,0,548.6,0.3,0.7,0.1,0,0,34.6,0,2.9,0,0.9,0,1.2,178.3,0,0,0,0,0,0.7,0,0.5,0,1.1,0,0,0.8,0,1.5,0,0,1.1,1.1,54.9,0,0.4,0.2,0.1,0,0,103.7,0.1,0.3,2.6,0.1,3.7,0.6,4.7
2005 Sep,29312.7,3816.1,0,4.3,0.1,0,121.7,148.2,14.1,2.7,44.8,0.9,2.2,0.4,1.3,0.2,0,0,0.1,63.4,46.7,0.3,0.1,0.8,43.4,0,0.3,3291.8,0.4,0.9,25.9,1.2,21032.8,0.5,6.4,26.2,56.6,12,3086.9,0,577.2,597.9,1613.7,221,372.4,57.8,2747.9,0.2,0,0.9,1225.5,333.1,0,0.1,1.2,4144.5,0.4,0,8.3,0.1,21.5,2.9,764.2,303.2,936.6,8.2,0.3,1809.7,1178,11.5,457.1,392.1,3,53.6,3807.4,78.2,0.1,108.6,64.8,0.6,0.7,13.7,35.8,0.4,46.7,554.2,840.3,3.1,20.9,93.9,235.7,0.7,0.3,5.8,63,222.2,37.3,7.4,45,4.1,67.2,3.8,0.7,51.9,0,101,360.8,90.6,647.3,0.8,499.9,0,453.1,0.2,0.1,0.5,0,0,44.8,0,0.8,0.1,0,0.2,0,156.6,0,0,0,0.1,0,0.5,0,0.5,0,37.4,0.6,2.1,1.7,0,0.8,3.1,0,1.9,0.8,52.2,0.1,0,0.1,0,0,0,46.7,0.2,0.9,0.8,0.3,0.5,0.2,5.1
2005 Aug,29639.2,4219.3,0,3,0.3,0,136.1,115.3,34.6,2.6,29.1,0.5,1.4,0.2,1.4,0.3,0,0,0.1,60.4,0.1,1.5,0,0.4,25.7,0,0,3761.6,0.6,2.4,40.6,1,20528.6,0.6,6.6,20.3,24.6,13.1,3434.8,0,630.8,623.9,1431.6,224.8,177.4,51.7,2689.5,0.2,0,0.3,1186.5,605.9,0,0.1,0.8,3912,0.3,0,8.9,0.1,2.4,15.7,672.7,199.5,1066.4,6.5,0.1,1731.3,1224.7,11.9,414.3,137.2,0.6,0.6,4131.5,79.9,0.1,109,35.1,0.5,0.8,15.2,39.2,0.2,60.8,711,895.6,4,39,102.4,353.4,0.3,0.5,12.5,56.5,253.5,62.7,15.6,42.1,4.4,60.2,2.3,0.7,68.8,0,103,353.9,55.2,592.8,0.5,450.5,0,407.5,0.5,0.1,0.1,0,0,36.9,0,4.2,0,0.2,0.3,0.6,309.3,0,75.1,0,0.2,0,0,0.3,0.5,0.1,127.4,0.4,0,4.9,0,1.7,0,0,2,1,38.1,0,0.4,0.1,0,0,0,50.6,0,1.2,0.5,0.4,0.5,1.7,2
2005 Jul,27943,3622.7,0,4.8,0.1,0,107.8,127.3,12.6,1.8,18.3,0.1,1.3,0.3,1.2,0.3,0.6,0,0.1,58,0,15.8,0.1,0.5,10.5,0,0.6,3236.7,0.4,2.2,20.6,0.8,19551.7,0.1,6.2,9.4,19.3,6.1,2828.9,0,607.9,626.7,1471.6,270.3,71.7,68.6,2760.6,0.3,0,0.3,1198.5,530.7,1.4,0.1,1.3,3782.6,0.2,0,7.3,0.1,22.2,4.7,688.1,172.5,942.4,9.1,0,1532.8,1003.4,12.3,545.3,347.4,0.9,0.4,4055.9,75.5,0.1,112.9,0.7,0.5,0.4,14.5,56.7,0.3,49.1,500,850.6,3.8,33.9,174,356.5,28.1,0.9,5.7,52.4,317.7,58.9,8.9,38.6,31.6,63,2.5,1.7,52.3,0,99.7,371.7,136.1,555.7,0.9,488.6,0,441.9,0.9,0,1,0,0.1,39.5,0,3.8,0,1.2,0,0.1,224.1,0,1,0,0,0,0.1,0.1,0.5,0,46.3,0.5,61.4,2.3,0,1.7,0,0,2,0.6,32.1,0,0.5,0.2,0,0,0,64.6,0.1,0.7,0.3,0.4,2.5,1.3,4.9
2005 Jun,28003.4,3460,0,4.1,0.3,0,109.7,100.3,13.9,0.8,29.2,0.5,1.5,0.8,1.3,0.6,0,0,0,61.7,35.2,1.9,0,0.9,16.1,0,0,3039.2,0.2,0.9,40.1,0.5,20004.7,0.1,8.6,4.1,23,12.3,2773.8,0,607.4,693.1,1641.9,184,110.4,70.1,2807,1.6,0,2.6,1172,649.4,0.2,0.1,0.8,3805.1,0.7,0.1,6.7,0.6,78.6,4.5,644.8,406,1221.8,7.7,0,1530.7,980.1,29.3,311.7,213.3,0.4,0.4,3978.5,82.7,0.2,106.6,8.5,0.4,1.4,15.3,43.5,0.2,59.3,533.6,851,3.2,34.6,87.4,292.2,0.1,0.2,4.9,59.5,407.5,39,15.3,35.6,18.4,14.9,2.8,1.4,53.8,0,122,358.7,81,642.6,0.7,426.7,0,361.7,2.1,0,0.8,0.1,0.2,55.1,0,5.4,0,1.4,0,0,133.5,0,0.2,0,0,0,0.1,0,0,0,24.2,1,2.4,0.1,0.1,1,0.1,0,1.3,0.8,36.5,0.1,0.5,0.1,0.1,0.1,0,60.8,0.1,0.4,0.3,0.2,0.5,0,2.4
2005 May,26203.3,3393.4,0,3.4,38.8,0,63.9,113.2,10.3,40.7,26.5,0.1,2.4,1.7,1.7,0.2,0,0,0.1,60.9,0,0,0,0.6,16.4,0,0,2966.6,0,1.2,42.4,2.3,18552.4,0.2,23.4,3.5,15.9,9,2447.5,0,542.8,775.3,1317.7,271.6,339.3,55.7,2381.8,0.2,0,2.9,1058.2,534.6,0.2,0.3,1.1,3427,0.4,0,9,0.3,41.6,3,635,340.4,1099.1,8.5,0.2,1506.8,981.5,9,432.3,275.1,1.7,0.2,3545.2,79.2,0.1,100.1,1,0.6,31.6,12.7,43.2,0.5,45.7,464.9,805.5,2.7,31.8,61,304.7,0.2,1,0.9,55.9,153.9,117,8.1,40.7,4.8,19.3,3.3,1.4,61.5,0,110.5,344.6,95.3,540.7,0.8,549,0,477.7,1.8,0,0.3,0,0,59,0,9.5,0,0.6,0,0,163.3,0,0.2,0,0,0,0.2,0,0.4,0,53,0.6,0,0.4,0,2.3,0.1,0,1.1,1.1,32.8,0,0.6,0.8,0,0,0,62.2,0.1,1.2,0.3,0.5,0.4,1.9,3.1
2005 Apr,26658.2,3676.4,0,2.8,0.5,0,74.7,104.9,12,2,16,0.2,2.1,0.7,0.9,0.7,0,0,0.1,60.6,0.3,0.6,0.1,0.6,18.4,0,0.1,3312.1,0,0.9,64.9,0.2,18830.9,0.1,12.8,11.5,18.8,7,2733.7,0,572.5,496.6,1562.7,79,106.6,65,2701.2,0.7,0,0.6,1045.1,532.4,0,0.5,13.9,3676.2,0.5,0,49.1,0.2,1.5,3.8,611.8,269.1,1142.6,7.9,0.1,1575,1018.6,11.6,255.3,245,1.4,0.8,3709.8,82.2,0.1,111.8,0.7,1,0.4,13.4,39.1,0.4,50.3,460.5,813.2,3.3,31.8,174.3,334.6,0.1,0.7,3.9,44.7,244.1,40.9,13.8,32.1,14.4,22.3,2.9,1.1,47.3,0,136.4,348.3,113.4,524.2,2.2,336.9,0,293.3,0.4,0,1.3,0,0,40.1,0,1.2,0,0.4,0.1,0.1,104.1,0,0,0,0,0,0.9,0.1,2.1,0,4.7,0,1.6,0.4,0,1.9,0.1,0,6.1,1,32.2,0.2,0.1,0.1,0,0.3,0,49.1,0,0.8,0.2,0.4,0.4,0.9,0.5
2005 Mar,28178.7,3624.7,0,3.4,0.1,0,98.9,111.2,15.7,2.7,6.5,0.3,1.3,0.6,0.9,1,0.1,0,0,65.9,7,0.4,0,0.3,17.1,0,0.2,3241.6,0,4.4,44.7,0.3,20300,0,15.5,9.2,22.5,6,2746.8,0,586.3,595.7,1512.8,2.4,451.3,58.5,2832.9,0.3,0.1,0.1,1194.3,732.8,0.1,0.1,1,3985.3,0.8,0,10,0.8,83.9,4.5,581.5,492.2,1169.7,10.1,0,1660.6,1123.1,13.2,123.7,271.7,0.4,0.1,3575.2,67.1,0.1,114.3,23.2,0.2,0.5,12.7,28,0.2,43.1,465.8,802.2,4.4,32.7,92.8,288.3,0.1,1.2,3.4,47.7,217.1,62.6,5.7,43.3,18.9,82.6,4.9,0.5,66,0,114.2,362.8,111.5,456.6,0.4,511.7,0,469.9,0.2,0.3,0,0,0,38.5,0,2.4,0,0.1,0.1,0.1,167.1,0,0,0,0,0,0.7,0,0.9,0,10.5,0,1.6,1.6,0,0.6,0.2,0,4.1,1.5,37.5,0,0.5,0,0.2,0.2,0,73,24.9,2.6,0.7,0.3,0.2,0.3,5
2005 Feb,21400.9,2991.3,0.1,2,0.5,0,95,83.3,12.6,20.3,9.8,0.1,1.3,0.1,0.9,0.5,0.4,0,0,51.3,0,51.1,0,1.1,28.1,0,0,2626.9,0,1.2,4.3,0.4,15041.3,0,2.5,4,16,6.2,1922.2,0,380.9,370.1,1301.1,72.7,115.9,48.2,2420.1,0.1,0,0.3,876.9,347.2,0.1,0,0.4,3011.2,0.3,0,6.5,0.2,52,3.8,507.1,377.4,976.3,7.2,0,1129.4,841.9,6.3,177.7,58.9,0.1,0.2,3000.7,51.1,0,87.8,0.5,0.1,0.4,12.3,32.5,0.4,34.8,430.6,649.4,1.6,34,119.1,225.1,0.1,0.4,1.1,41.8,192.2,45.9,5.5,49.4,2.1,31.2,3,0.7,38.8,0,89,350.1,71.8,397.2,0.8,283.9,0,236.9,0.7,0.1,0.3,0,0,43.8,0,1.7,0,0,0,0.2,83.7,0,0,0,0.1,0,0.4,0,1.5,0,5.6,0,0,0.7,0.1,0.3,0.1,0,5.6,0.8,32.7,0.4,0,0.1,0.1,0,0,27.9,0,0.5,1.4,0.2,0.3,1,3.7
2005 Jan,24945.4,2744.1,18.8,2.4,0.1,0,90.7,87.1,6.4,1.9,20.2,0.3,1,0.1,0.8,0.9,0.2,0,0,53.4,0,0.8,0.1,1.3,17.2,0,0,2432.7,0,1.8,5.5,0.2,18349.3,0,3.9,6.1,14,8.9,2384.5,0,555.4,450.7,1249,274.2,500.1,56,2348.9,0.3,0.1,1.4,1172.9,277.9,0.1,0.1,0.9,3552.1,0.4,0,8.4,0.2,0.9,4.9,580.6,369.7,1680.8,7.5,2.5,1443.3,922.3,8.4,181.7,224.3,55.7,0.3,3254.6,52.3,0,80,20.7,0.2,0.4,14.5,31.7,12,39.7,489.4,739.4,3.8,24.4,97.5,293.9,0.1,0.8,1.5,46.3,222.9,48,4.3,32,9.7,14,2.4,1.3,39.4,0,91.1,349.5,91,399.9,0.4,358.8,0,304.8,0,0,0,0,0,38.8,0,14.1,0,0.4,0.6,0,238.6,0.3,0.1,0,0.3,0,3.4,0.3,0,0.1,62.3,0,0.1,1.1,0,1.3,0.2,0,4.2,0.3,34.9,0,0.5,0.2,0.1,0,0,106.4,0.1,0.3,1.2,17.4,0.5,0,3.4
2004 Dec,25299.4,2896.6,0,2.1,0.2,0,90.4,105.6,6.4,2,19.2,0.2,0.6,0.1,0.9,1.3,0,0,0,57.3,0.5,2.8,0.1,1,32.4,0,0.3,2562.9,0,1.2,8.9,0.3,18286.4,0.4,5.4,19.7,21.4,8.3,2740.7,0,559.4,588.7,1448.7,69.7,0,54.2,2741,0.4,0,0.3,1183.7,372.3,0.1,0.1,1.8,3738,0.5,0,8,0.2,1.1,5.2,633.9,416.8,845.1,10.7,0.7,1395.8,1053.2,8.5,224.5,127.5,0.1,0.4,3544.8,59.5,0.1,137.5,22.2,0.3,0.7,16.3,40,0.4,55.8,473,855,3.9,23.3,131.8,340.7,0.1,0.4,3.1,65,196.9,54.1,7.2,38.4,10.7,43.7,3.3,0.6,48.5,0,112.8,321.8,46,430.7,0.8,426.9,0,377.1,0.3,0,1.9,0,0,42.4,0,4.2,0,0.6,0.2,0.1,144.6,0,0,0,0.2,0,3,0,6.4,0.1,38.1,0.1,2.4,0.5,0.4,1.4,0.1,0,4.2,0.9,34.1,0,0.1,0.2,0.2,0,0,42,0,0.7,3,0.1,0.5,0.9,5.1
2004 Nov,24894.4,2789.2,0,2.8,0.1,0,82.4,90.4,6.1,1.3,22.4,0.4,0.3,0.2,1,0.5,0.1,0,0.2,56.5,0.2,0.6,0.1,0.5,29.5,0,0,2446.3,0,1.5,43.8,2,17904.6,0.3,2.8,27.6,19.4,5.3,2671.6,0,529.1,399.5,1367.2,100.3,127.3,51.6,2623.6,0.8,0.1,0.2,1098.8,534.6,0.1,0.2,0.9,3380.2,0.5,0,8.8,0.2,0.9,4.6,559.6,345.7,1001.9,16.2,0.4,1450,999.8,8.4,246.8,265.6,1.1,53.2,3658.5,65.4,0.1,107,27.1,0.2,0.3,14,70.2,0.3,50.2,454.4,787.3,3.8,15.7,134.5,370,43.3,0.3,1.3,68.1,266.3,34.9,7.3,33.8,5.9,53.4,3.6,0.8,50.8,0,93.8,338.9,109.4,445.4,0.5,432.2,0,356.9,0.4,0,0.5,0,0,46.8,0,26.6,0,0.5,0.5,0.1,109.8,0,0,0,0.1,0,1.8,0,0,0,11.7,0,0.2,0.5,0.2,1.3,0,0,0.7,1.3,34.9,0,0.9,0.1,0,0.1,0,40.7,5.6,0.5,2.6,0.3,0.4,0,5.6
2004 Oct,26438.7,3218.7,0,3.4,0.3,0,126.7,109.3,5.9,21.5,25.5,0.2,1.4,0.4,0.8,0.1,0,0,0.1,99.4,0.3,0.9,0,11.9,27.3,0,0,2735.2,0,1.4,46.4,0.2,19014.6,0,2.9,24.7,21.6,5.6,2428.1,0,500.7,529,1496.3,187.9,347,57.2,2574.4,0.2,0.1,0.1,1106.5,685.1,0.1,0,1.4,3855.2,0.4,0,8.7,0.3,43.4,4.6,609.1,307.6,1035,8,0.4,1421.4,1028.3,26.6,348.8,284.6,1.4,61.6,3625,63.8,0.1,117.4,1,0.1,0.3,16.4,72.2,0.5,48,475.3,800.7,3.3,21.9,154.8,335.5,48.3,0.2,2,67.7,245.8,60.5,10.1,25.1,2,34.6,3.6,1.2,53.6,0,118.9,338.6,16.4,484.7,0.5,302.2,0,264.1,0.1,0.1,0.4,0,0,35.3,0,1.5,0,0.5,0.1,0.1,278.2,0.1,0,0,0,0,1.3,0,0.8,0,3,0,2.5,0.6,0,2,0,0,9.1,16.6,34.5,0.1,62.6,0.2,0,0,0,46.3,12.1,0.6,1.7,0.2,0,0.3,83.5
2004 Sep,25520.7,3145.2,0,3.9,0.1,0,87.6,107,5.2,1.5,31.5,0.3,0.1,0.3,0.9,0.6,0,0,0.2,63.6,0.6,3,0,0.8,26.1,0,0,2794.8,0,3.6,13.3,0.3,18226.7,0,4.9,16.4,23.2,6.9,2711.6,0,518.3,388.4,1501.8,184.4,0,53.1,2760.9,0.2,0.1,0.5,981.8,431.2,0.2,0.1,4.2,3847.1,0.3,0.1,9.6,0.2,14.4,5,681.2,341.9,576.1,27.4,0.3,1377,1028.2,8.5,177.5,454.4,88.8,0.5,3444.2,68.9,0.1,116.1,23.1,0.3,0.3,16.7,32.1,0.4,41.8,482.2,814.8,3.1,43.1,80.7,301.2,0.1,0.2,2,74.3,234.9,33,13.4,33.3,7.1,57.6,3.5,0.7,41.3,0,92.2,343.4,54.1,427.5,0.8,451.8,0,420.6,0.5,0.1,0,0,0,28.4,0,1.2,0,0.5,0.4,0,252.8,47.5,0.1,0,0,0,1.5,0,1.4,0,85.2,0,0,0,0,0.9,0.3,0,2.2,0.5,30.4,0,0.7,0.1,0,0,0,56.1,13.8,0.5,0.1,0.3,0.3,4.6,6.3
2004 Aug,25375.6,3369.4,0,3.1,0.2,0,102.7,89.8,38.9,2.6,25.1,0.2,0.2,0.5,0.7,0.8,0,0.1,0.1,58.6,0.1,0,0.1,0.7,32.2,0,0,2984.2,0,1.1,26.6,0.5,17940,0,2.9,20.1,18.6,8.7,2471.9,0,518.2,385.1,1435.4,107,0,50.4,2834.5,0.3,0.1,0.1,1032.1,546.8,0.1,0.1,1.1,3864.9,1.1,0,11.9,0.1,26.3,3.8,615.9,301.6,794,9.9,18.9,1298.5,1033.6,45.3,251.5,111.9,116.6,0.4,3531.4,73.3,0.3,87,25.4,0.1,0.4,19.9,26.3,0.3,49,558.9,842.4,2.4,23.8,128.8,319.1,0.3,0.1,2.7,67.9,232.7,24.4,4.3,28.9,6.7,41.6,4.2,2.5,48.5,0,91.2,325.4,70,421.6,1,440.2,0,402.5,0.2,0,0.4,0,0.5,32.8,0,1.7,0,1.3,0.5,0.1,94.6,0,0.1,0,0.1,0,0.8,0,0.2,0,1,0,2.5,1.5,0,1.2,0,0,1.9,0.5,34.8,0,0.3,0.1,0.2,0,0,33.6,0.1,0.5,0.1,0.8,9.9,0.7,3.7
2004 Jul,26647.8,4304.7,0,3.2,37,0,79.3,99.1,34.5,1,20.3,0.1,0.2,0.5,1.1,0.7,0,0,0.1,67.2,0.2,0.2,0.1,0.6,37.3,0,0,3915.6,0,0.8,5.4,0.4,18018.1,0,19.5,19.9,28.2,6.8,2357.4,0,571.3,322,1440.8,232,0,70.5,2909.1,0.4,0,0.1,1061.9,315.9,0.3,0.1,1.7,3629.8,0.4,0,11.6,0.2,52.5,4.8,585.1,262.7,982.4,6.3,18.4,1417.9,1012.8,7.7,382.6,178.5,20.2,86.4,3661.4,96,0.5,94.2,24,0,0.3,21.6,36.4,0.9,63.7,446.7,834.8,18.1,34.2,166.2,301.1,0.1,0.1,2,65,234,38.6,5.6,39.5,1.9,29,4.2,0.9,48.2,0,127.3,356.7,74.2,494.1,1.3,450.9,0,417.8,0.3,0,0.5,0,0,29.3,0,1.6,0,1.1,0.3,0,212.7,0,0,0,30.6,0,0.4,0,5.7,0,23.3,0,2.5,1,0,0.8,0,0,4.4,1.9,31.4,0.1,0.7,0.1,0,0,0,100.8,0.1,0.2,0.7,0.3,0,0.7,7
2004 Jun,24845.5,3418.6,0,2.1,0.1,0,113.8,100.1,10.2,3.9,24.6,0.5,0.2,0.2,1.8,0.7,0,0,0.2,67.1,0,1.3,0,0.6,26.7,0,0,3051.4,0,1.2,11.2,0.5,17472.4,0.1,3.5,22.4,20.7,9,2488.1,0,522.5,307.1,1551.3,197.3,71.7,62.8,2921.7,0.5,0,0.2,929.1,455.4,0,0.3,3.9,3620.4,0.6,0,9.5,0.1,24.5,4.5,599,338.5,613.1,6.6,34.1,1296.6,930.2,7.5,312.3,103.4,3,0.8,3445.1,65.1,0.2,101.1,22.1,0.1,0.3,22,32,1,65,490.3,787.2,3.1,30.2,83.1,272.6,0.1,0.1,1.4,80.2,206.3,41.8,6.6,42.9,2.5,38.1,3.1,1.1,45.6,0,125.6,344.8,74.1,454.7,0.7,373.7,0,327.9,0.2,0,0,0,0.1,39.8,0,3.2,0,2.4,0.1,0,135.7,0,0,0,23.3,0.1,0,0,0.7,0,25.9,0,0,0.7,0,0.6,0,0,6.7,1,32.3,0,0.6,0.2,0.3,0,0,29,0.1,0.5,0.4,0.4,0.6,0.5,12
2004 May,24467.4,3350.4,0,2.8,6.4,0,74.8,94.4,10.7,2.9,22.3,0.4,0.1,3.8,2.2,0.8,0,0,0.1,57.4,0.1,0.2,0,0.9,31.4,0,0,3037.6,0,0.9,0,0,17060.7,0,9.1,18.1,19.7,7.3,2229.9,0,517.5,371.2,1365.7,108.1,42,82.8,2618.5,0.6,0.1,0.3,999.8,408.7,0.1,0.5,1.5,3300.4,0.2,0,8.9,0.6,113.7,3.9,634.2,456,960.7,7.8,0.6,1347.1,877.8,9.7,282.2,252.5,1.8,1,3477.3,74.7,0.4,118.3,27,1.2,0.4,45,38.2,1.2,60.1,515.4,799.4,3.8,30,140.2,287.2,0.1,0.1,1,73.1,201.8,39.2,4.6,27.5,15.8,29.1,5,0.5,51.7,0,113.4,315.3,31.6,419.5,5.6,383.1,0,336.9,0.4,0.1,1.5,0,0.1,38.7,0,4.3,0,0.6,0,0.4,195.8,0,0.3,0,0.1,0,0,0,0.2,0,80.6,0,2.4,1,0,0.8,0,0,5.3,1,35.7,0,0.1,0.1,0.1,0,0,62.3,0.1,0.2,0.3,0.2,0,0.2,4.8
2004 Apr,24103.8,3439.7,0,3.2,0.2,0,111.3,75.4,5.8,3.5,27.3,0.4,0.2,0.5,1.5,1.3,0,0,0.1,59.6,111.4,1,0,0.8,37.4,0,0,2989.8,0,3.7,5.1,0.4,15897.4,0,60.9,8.8,19.2,3.7,1998.7,0,534.1,381.1,1271.7,194.6,0,64.9,2851.2,0.3,0,0.1,980.3,186.2,0,0,2.8,3368.8,0.9,0,11,0.3,0.9,4.8,620.9,137.2,650.1,8.4,9.8,1216.9,876.5,40,250.7,57.5,83.1,1.1,4235.3,73.5,0.4,100.8,0.7,0,0.4,26.9,39.3,0.2,63.4,1031.5,781.6,3.2,51.6,109.4,297.4,14.2,0.2,1.8,76.7,282.3,41.5,5.3,33.6,1.6,75.9,3.5,1.3,45.7,0,137.1,383.4,110.3,440.3,0.5,409.4,0,357.5,0.2,0,0.9,0,0.1,46.9,0,3.3,0,0.3,0,0,122,0,0,0,0,0,0.2,0,0.6,0,31.8,0.3,0,0.1,0,0.9,0,0,4.6,0.9,29.1,0,0.2,0.3,0.1,0,0,39.3,0.2,0.3,5.1,0.5,0,0.5,7.2
2004 Mar,25214.3,3753.7,0,2.2,0.1,0,49.5,88.5,4.6,1.3,18.1,0.3,0.2,0.4,2.5,1.6,0,0,0,62.2,0.1,5.5,0.1,0.6,40.8,0,0,3473.1,0.1,1,0.3,0.3,17154.8,0,7.6,16.6,22.4,5.9,1945.8,0,624.3,454.4,1359.5,119.1,100.8,54.6,2786.4,0.1,0,0.6,928.1,682.8,0.1,0.1,0.8,3587.4,0.6,0,11.4,0.9,47,6.3,593.4,127.1,819.8,8.7,0.5,1286.4,900.2,5,299.9,254.9,95,0.4,3794.5,68,0.4,89.1,0.9,0.2,0.2,27.9,32.9,0.5,62.8,476.9,877.7,34,42.3,157.9,295.7,0,0.3,1.6,90.4,327.7,40.3,6.9,34.5,9.6,8.4,3.9,0.9,48,0,119.7,389.7,42.8,501.8,0.4,324.2,0,272.5,0.1,0,0.1,0,0,47.8,0,3.2,0,0.4,0,0.1,187.2,0,0,0,0,0,0.4,0,0.5,0,70.6,0.4,0,0.6,0,1.1,0,0,5.9,0.6,26.6,1.7,0.4,0.1,0.1,0.1,0,49.8,17.1,0.2,4.3,0.4,0,0.4,5.6
2004 Feb,20335.4,2606.4,0,2.1,0.3,0,42.3,78.3,5,2.6,18.9,0.2,0,0.4,1.8,0.6,0,0,0,58.3,0.1,3.2,0,0.7,51,0.7,9.1,2329.8,0,0.4,0.2,0.1,13995.8,0,4.3,13.3,25.1,7.2,1575.3,0,471.1,269.7,1067.3,67.2,0,53.1,2415.7,0.2,0,0,795.1,368.5,0.1,0,1.8,3077.1,0.4,0,7.2,0.5,0.7,25.6,514.4,214.9,510.1,7.1,13.7,1175,815.5,4.4,237.5,152,104.1,0.6,3205,65.3,0.3,72.9,0.9,16.7,67.2,29.7,50.1,1,94.2,333.1,694.2,2,28.1,126.3,212.8,0,0.1,1.9,72.6,212.3,30.1,3,31.4,19.1,46.4,5.4,0.6,43.7,0,101.1,356.1,80.3,405.7,0.4,336.8,0,295.8,0.5,0.1,0.4,0,0,29.2,0,9.6,0,0.8,0.2,0.1,191.4,0,0,0,0,0,0.4,0,0.7,0,54.1,0,1.6,1.1,0,0.5,0,0,3.1,0.3,25.4,0,0.2,0,0.1,0,0,20.7,15.5,0.2,1.6,0.2,0.2,0.7,64.7
2004 Jan,21035.2,2554.4,0,1.4,0.1,0,53.9,63,5.1,0.9,18.4,0.2,0.1,0.4,1.5,1.1,0.1,0,0.3,49,20.8,0.2,0.1,1.5,36.2,0,0,2297.1,0,2.7,0,0.1,14282.4,0,2.4,14.5,22.1,7.1,1737.6,0,492,327.3,1259.8,169.8,48.5,69.1,2229.5,22.7,0,0.1,792.1,350.6,0,0.1,0.7,2934.5,0.4,0,13.6,0.8,0.9,7.7,491.2,174.4,585,7.4,0.4,1144.4,804.4,29.5,328.4,125.6,87.1,0.6,3803.3,73.5,0.5,78.1,0.4,0,11.6,29.6,27.5,8.6,64.4,1289.5,729.5,2.9,15,110.1,196.6,0,0.2,2,62.2,135.9,26.8,6.4,28.1,4.8,87.4,2.4,0.7,44.8,0,91.1,274.4,16.3,381.2,0.6,291.4,0,245.5,0.5,0.1,0.3,0,0,36,0,8.1,0,0.4,0.4,0.3,103.6,0,0,0,0.2,0,0.6,0,12.5,0,2.2,0.3,0,0.2,0,0.7,0,0,1.9,1,31.4,0,0.6,0.1,0.2,0,0,43.6,0.2,0,2.4,0.6,0.4,0.1,4.3
2003 Dec,22370,2649.3,0,2.2,0.4,0,62.5,87.9,9.3,2.9,14.5,0.3,0.2,0.7,1.6,2.2,0,0,0.1,44.2,0.1,1.3,0.3,0.7,23.8,0,8.6,2384.6,0.1,0.5,0.1,0.1,15920.4,0,16,22.6,22.3,16.7,1982.9,0,616.5,368.9,1268.3,143.1,30.1,50.7,2737.9,15.7,0,0.6,756.9,297.6,0.1,0,1.1,3375.9,0.3,0,11.1,0.4,1.4,15,523.2,189.8,775.2,7.8,0.6,1195.9,939.9,14.8,323.8,119,77.7,0.5,3254.4,72.6,0.5,78.6,25.5,1,0.9,23.3,50.1,0.4,72.6,400.2,798.7,6.1,16.7,112.2,238.3,0,0.2,1.2,68.5,187.6,37.2,4.2,41,2.6,14.6,5.2,0.7,51.1,0,120.6,319.8,74.7,426.9,0.6,355.5,0,297.6,0.1,0.4,0.5,0,0,45.1,0,9.8,0,1.7,0.1,0.3,190.4,0,0,0,0,0,0.2,0,3.3,0.1,45.1,0.1,0,0.9,0,0.8,0,0,0.9,0.5,43.7,0,18.5,0.2,0.1,0,0,48.7,18.4,1.1,1.8,0.3,0.3,0.1,5.4
2003 Nov,20077.6,2624.1,0,1.3,23.9,0,52.7,72.8,7,1.2,13.5,0.4,0.1,0.4,1.8,0.9,0,0,0,44.5,9.4,1,0.2,0.5,45.3,0,0,2341.8,0,0.6,5,0.1,14106.6,0.1,3.2,13.2,19.4,6.2,1723.4,0,510.3,267.9,1212.9,165.1,0,52,2364.4,0.3,0,0.5,836.8,233.3,0,0,0.6,3119.8,0.3,0,12.4,0.7,1.3,5.8,506.4,223.6,381.2,6.6,0.1,1109.7,882.1,13.7,228.2,191.9,13.2,0,2932.6,58.2,0.3,70.1,0.4,0.1,0.3,20.1,41.3,47.1,37.2,339.6,766.8,10.7,12.2,86.7,209.3,0,0.1,0.8,80.9,149,26.3,4.3,41.7,9.6,14.3,3.5,0.6,42.6,0,105.5,323.3,15.5,413.4,0.9,335.4,0,298.4,0.1,0.1,0.3,0,0,29.6,0,4.9,0,1.4,0.5,0,78.9,0,0,0,0.1,0,0.5,0,0.6,0,1.7,0.1,1.7,0.2,0,1.9,0,0,0.7,0.4,25.5,0.1,1.1,0,0.1,0,0,31.7,0.1,0.2,4.1,0.3,0.3,0.6,6.9
2003 Oct,22247.2,3430,0,2.5,0.8,0,44.4,70.8,6.7,2.2,7.7,0.4,0.4,0.4,2,0.4,0,0,0.1,51.7,0.1,0.7,0.2,0.5,31.3,0.1,0,3206.2,0,0.1,0,0.4,15274.3,0,4.4,13,22.6,10,1897.3,0,488.4,301.5,1432.5,8.2,0,48,2564.8,0.1,0,0,798.5,450.2,0,0,0.6,3371.2,0.5,0,10.7,0.2,82.6,4.4,495.9,103.5,526.4,7.3,0,1088,916,15.1,370.9,174.2,67.2,0.4,3109.5,59,0.2,77.5,11.3,0,0.1,20.5,27.4,0.2,47.9,419.7,784.5,3.4,17.8,75.7,235.6,0,0.1,1.4,74.4,160.6,30.5,5.2,25.7,15.8,39.7,4.2,1.2,46.6,0,106,343.8,43.9,428.1,1.8,310.4,0,268.5,0.3,0.1,0.9,0,0,32.7,0,7.1,0,0.7,0.1,0,122.9,0,0,0,0,0,0,0,0.7,0,22.9,0.1,0,0.4,0,0.9,0,0,1.6,1,24.3,0,0.7,0.1,0,0,0,64.8,0.1,0.2,0.2,0.3,0,1.2,3.4
2003 Sep,20630.3,3061.2,0,2.9,0.2,0.3,36.7,118.3,6.1,2.4,14.1,0.4,0.3,0.2,1.1,0.4,0,0,0.1,41.8,66.9,1.3,0.2,0.4,17.4,0,0,2741.4,0,1.3,7.1,0,14344.3,0,27.7,22.7,30.8,19.4,1830.3,0,499.4,204.5,1518.2,83.3,0,45.7,2322.4,0.1,0,0.1,755.8,283.7,0,0.1,0.9,3208,0.4,0,12,0.6,1.4,5,474.2,146.9,465.2,8.7,20.4,1010.6,805.8,12.9,292.9,199.2,34.7,0.4,2778.8,45.8,0.3,79.1,0.7,0.2,0.3,23.7,28.9,0.1,36.9,325.4,652.8,2.5,10.2,111.1,194,0,31.6,1.4,89.3,142.7,19.8,3.9,41.7,2.9,31.8,3,0.6,41.7,0,122.6,292.4,43.6,397.1,0.5,370.8,0,328.8,0.3,0.1,0.5,0,0,30.6,0,7.3,0,2.2,0.9,0,75.2,0,0,0,0.4,0,0.2,0,2.7,0,1.2,0.2,0,0,0,0.6,0,0,1.5,0.7,29.4,0,0.2,0,0,0,0,33.6,0,0.5,0.3,0.4,0.2,0.5,2.6
2003 Aug,19534.3,3087.6,0,1.8,0.3,0.5,44.8,101.9,7.6,0.4,10.5,0,0.2,0.2,1.4,0.8,0.1,0,0,39.3,0.2,1.1,0.1,0.4,31.8,0,0,2827.8,0,0.4,0,16.2,13199.8,0,13.5,15.1,31.1,8.2,1695.7,0,436.2,198,1195.6,67.3,0,48.1,2105.6,0.1,0,0.1,811.3,239.1,0,0.1,0.8,3158.2,0.5,0,16.3,0.3,11.2,4.5,410,160.3,381.2,8.5,0,999.9,732,6.1,293.7,132.8,16.4,1.8,2840.2,58.8,0.2,74.7,0.6,0,8.8,19.9,29.7,0,46,343.2,712.7,3.8,14.4,142,222.5,1,8.8,1.1,84.2,150.1,26.3,3.5,38.5,2.8,16.8,3.9,0.4,54.9,0,84.2,287.1,31.5,367.1,0.7,296.1,0,257.1,0.2,0.1,0.1,0,0,31.5,0,6.6,0,0.6,0,0,110.6,0,0,0,0,0,0.1,0,5.4,0,1.4,0.6,2,2.6,0,1,0.2,11.1,1.5,0.3,24.7,0,0.1,0,0.4,0,0,47.7,0.1,0.8,0.2,0.6,0,0.8,9
2003 Jul,19832.5,2670.2,0,3.3,17,0.5,40.9,92.4,8.1,1.1,15.5,0.1,0.1,0.2,1.8,0.8,0,0,0,39,63.4,2.8,0.4,0.4,27.8,0,0.1,2335.2,0,3.5,15.7,0.1,13598.3,0,28.4,22.1,26.3,10.5,1657.8,0,522.8,177.4,1259.8,141,0,57.4,2406.9,0.1,0,0.1,759.4,256.2,0.1,0.2,0.7,3206.9,0.6,0,17.1,0.5,24.2,4.4,408.8,241.9,271.4,7.2,0.1,1005.6,767,16.6,156.4,141.6,0.3,0.6,3074.3,36.2,0.3,82.1,21.7,0.2,0.5,18.9,29,0.1,48.3,392.4,736.1,3.5,14.1,108.6,227.1,0,31.3,2.4,84.9,174.2,30.2,17.3,44.1,19.2,6.1,3.1,0.8,54.7,0,109.1,301.8,68.6,407.2,0.3,307.1,0,259.1,0.1,0,1.7,0,0,30.6,0,11.9,0,2.3,1.3,0,182.7,0,0,0,0,0,0.1,0,6.5,0,28.6,0,1.9,2.7,0,0.9,0,22.7,2.3,0.6,28.3,0,0.1,0.1,0.2,0,0,74.6,0,0.2,0.6,0.4,0,1.3,10.7
2003 Jun,19773.6,2852.8,0,0.9,8.4,0.1,65.9,73.9,7.2,2.5,9.3,0,0.1,0.4,1.9,1.2,0,0,0.1,37.5,86.9,0.5,0.1,0.7,12.6,0,0.4,2478.8,0,0.2,62.7,0.7,13564.9,0.3,1.8,20.1,35.3,14.3,1536.9,0,492.3,200.1,1180.2,60.8,0,48.5,2079.5,0.1,0,0.1,639.6,374.7,0.1,0.1,0.9,3032.1,0.6,0,12.2,0.8,6.4,13.9,386.3,374.7,929.4,5.6,0.1,810.9,711.1,27.8,378.8,187.4,0.7,0.2,2898.5,37.4,0.5,72,0.5,0,0.2,16,50.7,0.1,40.4,279.4,747.9,11,14.5,121.4,208.5,0,9.7,1.7,93.3,141.2,46.6,17.4,39.5,10.3,39,2.5,0.4,55,0,100.8,285.3,112.8,341.6,1.1,315,0,277.7,0.3,0,0.6,0,0,29,0,5.6,0,1,0.7,0.2,142.3,0,1.7,0,0,0,0.1,0,0.5,0.1,19.9,0,44.5,0.2,0,0.5,0,0,3.3,0.6,37.6,0.1,0.1,0.1,0.2,0,0,26.2,0.2,0.4,2.3,0.2,0.5,0.4,2.9
2003 May,18136,2460.4,0,1.9,0.1,0,30.1,78,8.9,1.5,8,0,0.2,0.6,1.5,1.5,0.2,0,0.1,40.3,23.8,0.1,0,0.3,21.9,0,0,2240.3,0,0.8,0.1,0.2,12461.7,0,1.1,13.6,31.7,16.7,1403.8,0,406.8,156.5,1263.7,128.8,0,44.6,1948.6,16.1,0,0.1,710.7,151.4,0,0.1,0.8,3143.8,1.4,0,10.5,0.5,1.1,4.5,381.2,143.6,528.7,6.3,19.5,829.4,765.2,37.1,248.4,43.6,1,0.7,2727.9,32.8,0.2,71.5,0.8,0.1,2.6,11.6,28.8,0,54.3,284.4,698.2,19.4,9.9,53.2,242.9,0,22.6,1.5,87.4,167.6,31.4,2.8,44.8,1,5,2.7,1,49.8,0,100.5,301.9,65.4,331,0.8,357.5,0,319.2,0,0.1,0.1,0,0,30.4,0,6.2,0,1.2,0.3,0,128.4,0,0.5,0,0,0,0.1,0,0.9,0,40.4,0,2.6,0.4,0,0.8,0,0,7.8,0.4,30.1,0,0.1,0,0.1,0,0,31.2,0.1,0,0.5,0.3,0,1.5,10.6
2003 Apr,19325,2825.5,0,1.1,0.1,0,38.8,68.2,38.9,2,11.2,0.2,0,0.8,1.6,3.6,0,0,0,35.4,70.7,0.4,0,0.3,7.7,0,0,2544.3,0,0,0,0.1,12841.7,0,3.6,7.4,15.3,4.6,1493.2,0,430.1,178.8,980.9,95.5,0,43.7,2232.2,0.3,0,0.1,696.8,355.8,0,0,0.6,3150,1.2,0,8.2,0.9,21.4,5.6,347.4,96.5,439.8,6.6,44.2,829.6,790,11.2,346.7,201.2,2.1,0.2,3112.4,40.9,0.4,86.7,0.4,0,2.2,10.8,29.8,0.2,36.9,640.2,701.1,8.8,8.3,88.2,244.7,0,0,1.4,85.5,139.8,87,9.5,19,3,52.2,1.4,1.1,55.9,0,94.2,270.4,36.6,355.7,0.3,457.3,0,395.1,0.4,0.1,0,0,11,46.6,0.1,3.9,0,0.1,0,0.1,88.1,0,0,0,0,0,0.3,0,0.4,0,2.6,0,0,1,0,0.5,0,0,6.6,0.9,30.1,0,0.1,0.3,0.4,0,0,36.9,0.1,0.2,0.7,0.3,0.2,1.3,5.1
2003 Mar,20441.8,3455.3,0,1.8,0.1,0,32.3,88.9,6,1.7,17,0.3,0,1.5,2.7,2.6,0,0,0,45.2,0.1,0,0,0.2,11.3,0,0,3243.2,0,0.1,0.1,0.2,13511.2,0,0.4,8.5,22.3,7.5,1448.8,0,431.1,152.6,1122.3,101.5,0,46.8,2221.2,0.4,0,0,678.4,395.9,0,0.1,0.4,3172.3,1.1,0,12.2,0.4,92.3,4.5,419.4,192.7,766.4,8.7,25.9,875.1,870.7,3.8,239.3,96.6,91,0.6,2860.6,45,0.3,69.2,0.8,0.1,0.2,14.5,31.2,31.4,59.4,318.4,655.8,2.3,12.1,141.4,218.4,0,0,1.9,80.3,166.4,33.9,4.6,22.8,11.7,86,1.6,0.6,57.4,0,81.6,323.1,31.3,355.7,1.1,471.3,0,437.7,0,0.1,0.2,0,0.7,29.2,0.1,2.2,0,0.9,0.1,0.1,143.3,0,0,0,0,0,0.6,0,4.7,0,32.9,0.1,0,0.2,0,1.1,0,0,9.5,3.7,34.7,0,0,0.1,0.2,0,0,42.2,0,0.3,0.9,0.2,0,0.3,11.3
2003 Feb,17162.8,2755.3,0,1.6,7.9,0,32.1,52.1,7,1.4,5.9,0.1,0.1,1.3,1.5,1.1,0,0,0,39.3,0.1,0.1,0.1,0.5,15.7,0,0,2586.7,0,0.6,0.1,0.1,11197.3,0,2.1,10.7,21.2,9.7,1067.1,0,270.6,131.4,1078.3,151.5,0,45.7,1943.5,0.1,0,0.5,540,353.3,0.1,0.1,0.6,2591.4,1.6,0,9,0.5,34.7,4.1,283.5,270.9,463.2,9.7,69.3,682.3,712.1,13.5,274.6,150,0,0.3,2596.1,37.7,0,65.3,8.6,0,0.4,9.8,27.2,21,48.4,272.3,618.1,2.8,5.3,68.9,248.6,0,30.4,1.2,83,180.3,64.7,3.6,31.3,2.3,59.8,1.7,0.4,40.2,0,73.3,257,22.9,308.6,0.8,525.6,0,463.3,0.1,0.9,0,0,0,20,0,41.3,0,0.1,0,0,88.4,0,0,0,0,0,0.5,0,0,0,1.5,0,1.9,1.4,0,1.4,0,0,8.1,3.9,24.4,0,0,0,0.2,0,0,26.6,0,0.2,2.8,0.3,0,1.3,13.7
2003 Jan,18539.1,2385.2,0,2.3,19.2,0,77.6,57.9,9.7,0.4,4.5,0.1,0.1,0.3,1.4,2.3,0,0,0.1,44.9,4.8,0.1,0.4,2.1,11.9,0,0,2129.9,0,0.1,15.2,0.1,12979.4,0,4.7,9.6,25.2,12.9,1539.1,0,427,172.8,1255.1,166.6,0,55.7,1902.4,1,0,0.5,676.3,291.8,0,0.1,1.1,3003.6,2.6,0.3,16.7,0.5,72.7,5.5,284.4,245.7,895.3,8.1,69.4,826.2,695.4,29.9,133.2,147.1,0.4,0.5,2657.6,41.1,0.2,81,0.4,0.1,1,13.3,30.1,35.3,57.6,311.7,587.7,3.3,6.9,52.2,285.7,0,0.1,1.5,71.4,138.4,31.6,4.2,29.7,1.3,117.1,0.9,1,37.4,0,79.5,244.7,55.8,334.6,1,427.8,0,394.6,0.1,0,2.1,0,0,28,0,2.2,0,0.8,0.2,0,89.1,0,0,0,0.1,0,0.1,0,3.7,0,18,0.1,0,0,0,0.8,0,0.2,8.3,1.4,24.1,0,0.4,0.1,0.1,0,0,26.8,0,0.4,0.7,0.3,0.2,0.9,2.5